"repetition","started_utc","ended_utc","status"
"1","2026-08-04T12:23:18.1148968Z","2026-08-04T12:23:38.7479044Z","valid"
"3","2026-08-04T12:24:51.8633247Z","2026-08-04T12:25:12.4325673Z","valid"
"4","2026-08-04T12:25:12.4358084Z","2026-08-04T12:25:37.0477639Z","valid"
"5","2026-08-04T12:25:37.0488737Z","2026-08-04T12:26:00.1920522Z","valid"
"6","2026-08-04T12:26:00.1936394Z","2026-08-04T12:26:23.4287248Z","valid"
"7","2026-08-04T12:26:23.4297839Z","2026-08-04T12:26:47.8605832Z","valid"
"8","2026-08-04T12:26:47.8616586Z","2026-08-04T12:27:10.8979252Z","valid"
"9","2026-08-04T12:27:10.8995302Z","2026-08-04T12:27:35.1649729Z","valid"
"10","2026-08-04T12:27:35.1676232Z","2026-08-04T12:27:58.3356315Z","valid"
