second,offset_ms,target_rps,workload_phase,workload_event,offered_requests,dispatched_requests,completed_requests,successful_requests,failed_requests,timeouts,latency_p50_ms,latency_p95_ms,latency_p99_ms,dispatch_lateness_p99_ms,observed_serving_pods,forecast_rps,oracle_replicas,raw_replicas,bounded_replicas,stabilized_replicas,commanded_replicas,controller_action,scale_down_held,safety_net_enabled,safety_net_state,deployment_desired_replicas,deployment_current_replicas,deployment_ready_replicas,deployment_available_replicas,pod_ready_count,service_ready_endpoints,pod_restart_count,pod_cpu_cores,pod_memory_bytes,cpu_throttling_ratio,network_receive_bytes_s,network_transmit_bytes_s,application_requests_s,application_errors_s,controller_present,kubernetes_present,prometheus_present
0,0,25.000000,warmup,stable_start,25.000000,25,24,24,0,0,16.0,31.0,31.77,14.339000000000002,1,25,1,1,1,1,1,none,False,False,not_applicable,1,1,1,1,1,1,7,0.001156412807565397,4739072.0,0.0,1094.2016759462347,8564.760137225127,0.0,0.0,True,True,True
1,1000,25.000000,warmup,,25.000000,25,25,25,0,0,16.0,32.0,32.0,12.339000000000002,1,25,1,1,1,1,1,none,False,False,not_applicable,1,1,1,1,1,1,7,0.0026510076639227635,4902912.0,0.0,1094.2016759462347,8564.760137225127,2.111111111111111,0.0,True,True,True
2,2000,25.000000,warmup,,25.000000,25,25,25,0,0,15.0,31.0,31.759999999999998,14.858999999999998,1,25,1,1,1,1,1,none,False,False,not_applicable,1,1,1,1,1,1,7,0.0026510076639227635,4902912.0,0.0,1094.2016759462347,8564.760137225127,5.0,0.0,True,True,True
3,3000,25.000000,warmup,,25.000000,25,25,25,0,0,16.0,31.799999999999997,32.0,14.339000000000002,1,25,1,1,1,1,1,none,False,False,not_applicable,1,1,1,1,1,1,7,0.0026510076639227635,4902912.0,0.0,1094.2016759462347,8564.760137225127,7.777777777777779,0.0,True,True,True
4,4000,25.000000,warmup,,25.000000,25,26,26,0,0,16.0,31.0,31.75,11.858999999999998,1,25,1,1,1,1,1,none,False,False,not_applicable,1,1,1,1,1,1,7,0.0026510076639227635,4902912.0,0.0,1094.201675946235,8564.760137225128,10.444444444444445,0.0,True,True,True
5,5000,25.000000,warmup,,25.000000,25,24,24,0,0,16.0,31.0,31.0,14.858999999999998,1,25,1,1,1,1,1,none,False,False,not_applicable,1,1,1,1,1,1,7,0.0026510076639227635,4902912.0,0.0,1094.201675946235,8564.760137225128,13.333333333333334,0.0,True,True,True
6,6000,25.000000,warmup,,25.000000,25,26,26,0,0,15.0,31.75,32.0,12.339000000000002,1,25,1,1,1,1,1,none,False,False,not_applicable,1,1,1,1,1,1,7,0.0026510076639227635,4902912.0,0.0,2506.544821258029,10875.320686878524,16.11111111111111,0.0,True,True,True
7,7000,25.000000,warmup,,25.000000,25,24,24,0,0,16.0,31.0,31.0,14.378999999999994,1,25,1,1,1,1,1,none,False,False,not_applicable,1,1,1,1,1,1,7,0.0026510076639227635,4902912.0,0.0,2506.544821258029,10875.320686878524,18.899388549193997,0.0,True,True,True
8,8000,25.000000,warmup,,25.000000,25,25,25,0,0,15.0,31.799999999999997,32.0,14.339000000000002,1,25,1,1,1,1,1,none,False,False,not_applicable,1,1,1,1,1,1,7,0.0026510076639227635,4902912.0,0.0,2506.544821258029,10875.320686878524,21.569935512563934,0.0,True,True,True
9,9000,25.000000,warmup,,25.000000,25,25,25,0,0,16.0,31.0,31.0,11.858999999999998,1,25,1,1,1,1,1,none,False,False,not_applicable,1,1,1,1,1,1,7,0.0026510076639227635,4902912.0,0.0,2506.544821258029,10875.320686878524,24.45803224013341,0.0,True,True,True
10,10000,25.000000,warmup,,25.000000,25,25,25,0,0,16.0,31.0,31.759999999999998,14.378999999999994,1,25,1,1,1,1,1,none,False,False,not_applicable,1,1,1,1,1,1,7,0.0026510076639227635,4902912.0,0.0,2506.544821258029,10875.320686878524,25.12506948304614,0.0,True,True,True
11,11000,25.000000,warmup,,25.000000,25,25,25,0,0,16.0,31.0,31.0,14.099,1,25,1,1,1,1,1,none,False,False,not_applicable,1,1,1,1,1,1,7,0.0027608965165676377,4902912.0,0.0,2506.544821258029,10875.320686878524,25.01389660922735,0.0,True,True,True
12,12000,25.000000,warmup,,25.000000,25,26,26,0,0,15.0,31.75,32.0,11.858999999999998,1,25,1,1,1,1,1,none,False,False,not_applicable,1,1,1,1,1,1,7,0.03325638483929699,6184960.0,0.0,2506.544821258029,10875.320686878524,25.01389660922735,0.0,True,True,True
13,13000,25.000000,warmup,,25.000000,25,24,24,0,0,16.0,31.0,31.77,14.099,1,25,1,1,1,1,1,none,False,False,not_applicable,1,1,1,1,1,1,7,0.0339401637453778,6184960.0,0.0,3167.335605893996,12001.154607433473,25.12506948304614,0.0,True,True,True
14,14000,25.000000,warmup,,25.000000,25,25,25,0,0,16.0,31.0,31.0,12.339000000000002,1,25,1,1,1,1,1,none,False,False,not_applicable,1,1,1,1,1,1,7,0.0346239426514586,6184960.0,0.0,3167.335605893996,12001.154607433473,25.01389660922735,0.0,True,True,True
15,15000,25.000000,warmup,,25.000000,25,25,25,0,0,16.0,31.0,31.759999999999998,12.099,1,25,1,1,1,1,1,none,False,False,not_applicable,1,1,1,1,1,1,7,0.03530772155753941,6184960.0,0.0,3167.335605893996,12001.154607433473,25.01389660922735,0.0,True,True,True
16,16000,25.000000,warmup,,25.000000,25,25,25,0,0,16.0,31.0,31.759999999999998,14.099,1,25,1,1,1,1,1,none,False,False,not_applicable,1,1,1,1,1,1,7,0.04102673436484823,6184960.0,0.0,3167.335605893996,12001.154607433473,25.0,0.0,True,True,True
17,17000,25.000000,warmup,,25.000000,25,25,25,0,0,16.0,31.0,31.759999999999998,13.858999999999998,1,25,1,1,1,1,1,none,False,False,not_applicable,1,1,1,1,1,1,7,0.04102673436484823,6184960.0,0.0,3167.335605893996,12001.154607433473,25.108321297633598,0.0,True,True,True
18,18000,25.000000,warmup,,25.000000,25,25,25,0,0,15.0,31.0,31.0,11.858999999999998,1,25,1,1,1,1,1,none,False,False,not_applicable,1,1,1,1,1,1,7,0.04102673436484823,6184960.0,0.0,3167.335605893996,12001.154607433473,25.0,0.0,True,True,True
19,19000,25.000000,warmup,,25.000000,25,25,25,0,0,16.0,31.0,31.759999999999998,14.339000000000002,1,25,1,1,1,1,1,none,False,False,not_applicable,1,1,1,1,1,1,7,0.04102673436484823,6184960.0,0.0,3167.335605893996,12001.154607433473,25.0,0.0,True,True,True
20,20000,25.000000,warmup,,25.000000,25,26,26,0,0,16.0,32.0,32.0,12.339000000000002,1,25,1,1,1,1,1,none,False,False,not_applicable,1,1,1,1,1,1,7,0.04102673436484823,6184960.0,0.0,3167.335605893996,12001.154607433473,25.0,0.0,True,True,True
21,21000,25.000000,warmup,,25.000000,25,24,24,0,0,15.0,31.0,31.77,14.858999999999998,1,25,1,1,1,1,1,none,False,False,not_applicable,1,1,1,1,1,1,7,0.04102673436484823,6184960.0,0.0,3167.335605893996,12001.154607433473,25.002778086454047,0.0,True,True,True
22,22000,25.000000,warmup,,25.000000,25,25,25,0,0,15.0,31.799999999999997,32.0,12.339000000000002,1,25,1,1,1,1,1,none,False,False,not_applicable,1,1,1,1,1,1,7,0.04102673436484823,6184960.0,0.0,3167.335605893996,12001.154607433473,25.0,0.0,True,True,True
23,23000,25.000000,warmup,,25.000000,25,25,25,0,0,16.0,31.799999999999997,32.0,14.618999999999996,1,25,1,1,1,1,1,none,False,False,not_applicable,1,1,1,1,1,1,7,0.04102673436484823,6184960.0,0.0,6451.33371964783,17368.263640951827,25.0,0.0,True,True,True
24,24000,25.000000,warmup,,25.000000,25,25,25,0,0,16.0,16.0,27.39999999999997,11.858999999999998,1,25,1,1,1,1,1,none,False,False,not_applicable,1,1,1,1,1,1,7,0.04102673436484823,6184960.0,0.0,6451.33371964783,17368.263640951827,24.88888888888889,0.0,True,True,True
25,25000,25.000000,warmup,,25.000000,25,26,26,0,0,16.0,31.75,32.0,12.099,1,25,1,1,1,1,1,none,False,False,not_applicable,1,1,1,1,1,1,7,0.04102673436484823,6184960.0,0.0,6451.33371964783,17368.263640951827,25.002778086454047,0.0,True,True,True
26,26000,25.000000,warmup,,25.000000,25,24,24,0,0,16.0,31.0,31.77,14.099,1,25,1,1,1,1,1,none,False,False,not_applicable,1,1,1,1,1,1,7,0.04102673436484823,6184960.0,0.0,6451.333719647831,17368.26364095183,25.002778086454047,0.0,True,True,True
27,27000,25.000000,warmup,,25.000000,25,25,25,0,0,16.0,31.799999999999997,32.0,12.339000000000002,1,25,1,1,1,1,1,none,False,False,not_applicable,1,1,1,1,1,1,7,0.04102673436484823,6184960.0,0.0,6451.333719647831,17368.26364095183,24.89165462829203,0.0,True,True,True
28,28000,25.000000,warmup,,25.000000,25,25,25,0,0,15.0,31.0,31.759999999999998,12.099,1,25,1,1,1,1,1,none,False,False,not_applicable,1,1,1,1,1,1,7,0.06756127080181543,7483392.0,0.0,6451.333719647831,17368.26364095183,24.88888888888889,0.0,True,True,True
29,29000,25.000000,warmup,,25.000000,25,25,25,0,0,15.0,31.0,31.759999999999998,14.099,1,25,1,1,1,1,1,none,False,False,not_applicable,1,1,1,1,1,1,7,0.06756127080181543,7483392.0,0.0,6451.333719647831,17368.26364095183,25.0,0.0,True,True,True
30,30000,25.000000,warmup,,25.000000,25,25,25,0,0,15.0,31.799999999999997,32.0,12.339000000000002,1,25,1,1,1,1,1,none,False,False,not_applicable,1,1,1,1,1,1,7,0.06756127080181543,7483392.0,0.0,9292.105263157895,21989.959954233407,24.886123764026223,0.0,True,True,True
31,31000,25.000000,warmup,,25.000000,25,25,25,0,0,16.0,31.799999999999997,32.0,11.858999999999998,1,25,1,1,1,1,1,none,False,False,not_applicable,1,1,1,1,1,1,7,0.08247061581078198,7483392.0,0.0,9292.105263157895,21989.95995423341,24.88888888888889,0.0,True,True,True
32,32000,25.000000,warmup,,25.000000,25,25,25,0,0,16.0,31.0,31.759999999999998,12.858999999999998,1,25,1,1,1,1,1,none,False,False,not_applicable,1,1,1,1,1,1,7,0.08247061581078198,7483392.0,0.0,9292.105263157895,21989.95995423341,24.88888888888889,0.0,True,True,True
33,33000,25.000000,warmup,,25.000000,25,25,25,0,0,16.0,31.0,31.759999999999998,12.339000000000002,1,25,1,1,1,1,1,none,False,False,not_applicable,1,1,1,1,1,1,7,0.08247061581078198,7483392.0,0.0,9292.105263157895,21989.95995423341,25.0,0.0,True,True,True
34,34000,25.000000,warmup,,25.000000,25,26,26,0,0,16.0,31.75,32.0,12.099,1,25,1,1,1,1,1,none,False,False,not_applicable,1,1,1,1,1,1,7,0.08247061581078198,7483392.0,0.0,9292.105263157895,21989.95995423341,24.88888888888889,0.0,True,True,True
35,35000,25.000000,warmup,,25.000000,25,24,24,0,0,16.0,31.0,31.77,14.339000000000002,1,25,1,1,1,1,1,none,False,False,not_applicable,1,1,1,1,1,1,7,0.08247061581078198,7483392.0,0.0,9292.105263157895,21989.95995423341,24.886123764026223,0.0,True,True,True
36,36000,25.000000,warmup,,25.000000,25,25,25,0,0,15.0,32.0,32.0,12.339000000000002,1,25,1,1,1,1,1,none,False,False,not_applicable,1,1,1,1,1,1,7,0.08247061581078198,7483392.0,0.0,9292.105263157895,21989.95995423341,24.997222530829912,0.0,True,True,True
37,37000,25.000000,warmup,,25.000000,25,25,25,0,0,16.0,32.0,32.0,15.339000000000002,1,25,1,1,1,1,1,none,False,False,not_applicable,1,1,1,1,1,1,7,0.08247061581078198,7483392.0,0.0,9292.105263157895,21989.95995423341,25.06126085987971,0.0,True,True,True
38,38000,25.000000,warmup,,25.000000,25,25,25,0,0,15.0,27.999999999999957,31.759999999999998,14.339000000000002,1,25,1,1,1,1,1,none,False,False,not_applicable,1,1,1,1,1,1,7,0.08247061581078198,7483392.0,0.0,9292.105263157895,21989.95995423341,24.949877478280243,0.0,True,True,True
39,39000,25.000000,warmup,,25.000000,25,25,25,0,0,16.0,31.799999999999997,32.0,11.858999999999998,1,25,1,1,1,1,1,none,False,False,not_applicable,1,1,1,1,1,1,7,0.08247061581078198,7483392.0,0.0,9292.105263157895,21989.95995423341,25.064052578812518,0.0,True,True,True
40,40000,25.000000,warmup,,25.000000,25,25,25,0,0,15.0,31.799999999999997,32.0,14.618999999999996,1,25,1,1,1,1,1,none,False,False,not_applicable,1,1,1,1,1,1,7,0.08247061581078198,7483392.0,0.0,9292.105263157895,21989.95995423341,25.06126085987971,0.0,True,True,True
41,41000,25.000000,warmup,,25.000000,25,25,25,0,0,15.0,31.0,31.759999999999998,14.339000000000002,1,25,1,1,1,1,1,none,False,False,not_applicable,1,1,1,1,1,1,7,0.10884686328431371,7483392.0,0.0,10692.490539486946,24344.8190617453,25.06126085987971,0.0,True,True,True
42,42000,25.000000,warmup,,25.000000,25,25,25,0,0,16.0,31.799999999999997,32.0,12.339000000000002,1,25,1,1,1,1,1,none,False,False,not_applicable,1,1,1,1,1,1,7,0.11112206658035606,7483392.0,0.0,10692.490539486946,24344.8190617453,25.06126085987971,0.0,True,True,True
43,43000,25.000000,warmup,,25.000000,25,26,26,0,0,15.0,31.75,32.0,15.339000000000002,1,25,1,1,1,1,1,none,False,False,not_applicable,1,1,1,1,1,1,7,0.11339726987639841,7483392.0,0.0,10692.490539486946,24344.8190617453,25.172644241479173,0.0,True,True,True
44,44000,25.000000,warmup,,25.000000,25,24,24,0,0,15.0,31.0,31.77,14.339000000000002,1,25,1,1,1,1,1,none,False,False,not_applicable,1,1,1,1,1,1,7,0.11698552884730679,7258112.0,0.0,10692.490539486946,24344.8190617453,25.06126085987971,0.0,True,True,True
45,45000,25.000000,warmup,,25.000000,25,25,25,0,0,16.0,31.0,31.0,12.339000000000002,1,25,1,1,1,1,1,none,False,False,not_applicable,1,1,1,1,1,1,7,0.13725057646190741,7258112.0,0.0,10692.490539486946,24344.8190617453,25.06126085987971,0.0,True,True,True
46,46000,25.000000,warmup,,25.000000,25,26,26,0,0,16.0,31.75,32.0,10.858999999999998,1,25,1,1,1,1,1,none,False,False,not_applicable,1,1,1,1,1,1,7,0.13725057646190741,7258112.0,0.0,10692.490539486946,24344.8190617453,25.111111111111114,0.0,True,True,True
47,47000,25.000000,warmup,,25.000000,25,24,24,0,0,16.0,31.0,31.0,12.858999999999998,1,25,1,1,1,1,1,none,False,False,not_applicable,1,1,1,1,1,1,7,0.13725057646190741,7258112.0,0.0,10692.490539486946,24344.8190617453,25.002778086454047,0.0,True,True,True
48,48000,25.000000,warmup,,25.000000,25,25,25,0,0,15.0,31.799999999999997,32.0,11.858999999999998,1,25,1,1,1,1,1,none,False,False,not_applicable,1,1,1,1,1,1,7,0.13725057646190741,7258112.0,0.0,13449.579831932775,28895.13065500173,24.997222530829912,0.0,True,True,True
49,49000,25.000000,warmup,,25.000000,25,25,25,0,0,16.0,31.0,31.0,14.618999999999996,1,25,1,1,1,1,1,none,False,False,not_applicable,1,1,1,1,1,1,7,0.13725057646190741,7258112.0,0.0,13449.579831932775,28895.13065500173,25.113901544616066,0.0,True,True,True
50,50000,25.000000,warmup,,25.000000,25,25,25,0,0,16.0,31.0,31.759999999999998,13.858999999999998,1,25,1,1,1,1,1,none,False,False,not_applicable,1,1,1,1,1,1,7,0.13725057646190741,7258112.0,0.0,13449.579831932775,28895.13065500173,25.002778086454047,0.0,True,True,True
51,51000,25.000000,warmup,,25.000000,25,25,25,0,0,16.0,31.0,31.0,11.858999999999998,1,25,1,1,1,1,1,none,False,False,not_applicable,1,1,1,1,1,1,7,0.13725057646190741,7258112.0,0.0,13449.579831932775,28895.13065500173,25.002778086454047,0.0,True,True,True
52,52000,25.000000,warmup,,25.000000,25,25,25,0,0,16.0,31.799999999999997,32.0,12.858999999999998,1,25,1,1,1,1,1,none,False,False,not_applicable,1,1,1,1,1,1,7,0.13725057646190741,7258112.0,0.0,13449.579831932775,28895.13065500173,24.886123764026223,0.0,True,True,True
53,53000,25.000000,warmup,,25.000000,25,25,25,0,0,16.0,31.0,31.759999999999998,11.858999999999998,1,25,1,1,1,1,1,none,False,False,not_applicable,1,1,1,1,1,1,7,0.13725057646190741,7258112.0,0.0,13449.579831932775,28895.13065500173,25.002778086454047,0.0,True,True,True
54,54000,25.000000,warmup,,25.000000,25,25,25,0,0,16.0,32.0,32.0,12.099,1,60,1,4,4,4,4,scale_up,False,False,not_applicable,4,4,1,1,1,1,7,0.13725057646190741,7258112.0,0.0,13449.579831932775,28895.13065500173,25.0,0.0,True,True,True
55,55000,25.000000,warmup,,25.000000,25,25,25,0,0,16.0,31.0,31.0,14.339000000000002,1,60,1,4,4,4,4,none,False,False,not_applicable,4,4,2,2,2,2,7,0.13725057646190741,10231808.0,0.0,13449.579831932775,28895.13065500173,24.88888888888889,0.0,True,True,True
56,56000,25.000000,warmup,,25.000000,25,25,25,0,0,15.0,32.0,32.0,11.858999999999998,2,60,1,4,4,4,4,none,False,False,not_applicable,4,4,2,2,2,2,7,0.13725057646190741,10231808.0,0.0,13449.579831932775,28895.13065500173,25.0,0.0,True,True,True
57,57000,25.000000,warmup,,25.000000,25,25,25,0,0,15.0,31.0,31.0,15.099,2,60,1,4,4,4,4,none,False,False,not_applicable,4,4,2,2,2,2,7,0.13725057646190744,10231808.0,0.0,13449.579831932775,28895.13065500173,25.303722222222223,0.0,True,True,True
58,58000,25.000000,warmup,,25.000000,25,26,26,0,0,15.0,31.75,32.0,12.339000000000002,2,60,1,4,4,4,4,none,False,False,not_applicable,4,4,2,2,2,2,7,0.135712582136773,10235904.0,0.0,13449.579831932775,28895.13065500173,25.32277777777778,0.0,True,True,True
59,59000,25.000000,warmup,,25.000000,25,24,24,0,0,15.0,28.749999999999968,31.77,14.858999999999998,2,60,1,4,4,4,4,none,False,False,not_applicable,4,4,2,2,2,2,7,0.135712582136773,10235904.0,0.0,13089.62006222306,28256.227019892525,25.3344940932489,0.0,True,True,True
60,60000,60.000000,treatment,transition_onset;peak_start;peak_time,60.000000,59,59,59,0,0,16.0,32.0,38.300000000000026,14.705720000000003,2,60,4,4,4,4,4,none,False,False,not_applicable,4,4,2,2,2,2,7,0.135712582136773,10235904.0,0.0,13089.62006222306,28256.227019892525,25.214423091878682,0.0,True,True,True
61,61000,60.000000,treatment,,60.000000,60,61,61,0,0,16.0,32.0,32.0,13.612469999999998,2,60,4,4,4,4,4,none,False,False,not_applicable,4,4,2,2,2,2,7,0.13557110081720064,10235904.0,0.0,13089.62006222306,28256.227019892525,27.98627777777778,0.0,True,True,True
62,62000,60.000000,treatment,,60.000000,60,60,60,0,0,15.5,31.049999999999997,32.0,12.945469999999998,2,60,4,4,4,4,4,none,False,False,not_applicable,4,4,2,2,2,2,7,0.13557110081720064,10235904.0,0.0,13089.62006222306,28256.227019892525,31.697910759915565,0.0,True,True,True
63,63000,60.000000,treatment,,60.000000,60,60,60,0,0,15.0,31.049999999999997,32.0,13.339,2,60,4,4,4,4,4,none,False,False,not_applicable,4,4,2,2,2,2,7,0.13557110081720064,10235904.0,0.0,13089.62006222306,28256.227019892525,35.47653968253969,0.0,True,True,True
64,64000,60.000000,treatment,,60.000000,60,60,60,0,0,15.0,32.0,32.0,14.295529999999992,2,60,4,4,4,4,4,none,False,False,not_applicable,4,4,2,2,2,2,7,0.13557110081720064,10235904.0,0.0,13089.62006222306,28256.227019892525,38.96169444444445,0.0,True,True,True
65,65000,60.000000,treatment,,60.000000,60,60,60,0,0,15.0,31.0,31.409999999999997,13.612469999999998,2,60,4,4,4,4,4,none,False,False,not_applicable,4,4,2,2,2,2,7,0.13557110081720064,10235904.0,0.0,13103.094410134416,28270.744565816563,42.794531138515474,0.0,True,True,True
66,66000,60.000000,treatment,,60.000000,60,60,60,0,0,15.5,32.0,32.0,13.339,2,60,4,4,4,4,4,none,False,False,not_applicable,4,4,2,2,2,2,7,0.13557110081720064,10235904.0,0.0,12942.456123464613,28026.217939536462,46.956500000000005,0.0,True,True,True
67,67000,60.000000,treatment,,60.000000,60,59,59,0,0,15.0,32.0,32.0,14.295529999999992,2,60,4,4,4,4,4,none,False,False,not_applicable,4,4,2,2,2,2,7,0.13557110081720064,10235904.0,0.0,12943.443245122455,28027.30965686666,51.099341433990475,0.0,True,True,True
68,68000,60.000000,treatment,,60.000000,60,61,61,0,0,15.0,31.0,32.0,13.612469999999998,2,60,4,4,4,4,4,none,False,False,not_applicable,4,4,2,2,2,2,7,0.13557110081720064,10235904.0,0.0,12944.430366780296,28028.401374196856,55.221554219550214,0.0,True,True,True
69,69000,60.000000,treatment,,60.000000,60,60,60,0,0,16.0,31.0,32.0,14.295529999999992,2,60,4,4,4,4,4,none,False,False,not_applicable,4,4,2,2,2,2,7,0.13557110081720064,10235904.0,0.0,12945.417488438137,28029.49309152705,59.00690269427744,0.0,True,True,True
70,70000,60.000000,treatment,,60.000000,60,60,60,0,0,16.0,31.049999999999997,32.0,14.689059999999994,2,60,4,4,4,4,4,none,False,False,not_applicable,4,4,2,2,2,2,7,0.17168984117216457,11390976.0,0.0,12946.40461009598,28030.584808857246,60.1235379740168,0.0,True,True,True
71,71000,60.000000,treatment,,60.000000,60,60,60,0,0,16.0,31.0,32.0,13.612469999999998,2,60,4,4,4,4,4,none,False,False,not_applicable,4,4,2,2,2,2,7,0.1739975128305118,11390976.0,0.0,12973.143884328834,28056.563766045798,60.120240480961925,0.0,True,True,True
72,72000,60.000000,treatment,,60.000000,60,60,60,0,0,15.0,31.0,32.0,14.689059999999994,2,60,4,4,4,4,4,none,False,False,not_applicable,4,4,2,2,2,2,7,0.17570352960672692,11390976.0,0.0,16774.726850564544,35943.95328444838,60.12346359447422,0.0,True,True,True
73,73000,60.000000,treatment,,60.000000,60,60,60,0,0,15.0,31.049999999999997,32.0,14.295529999999992,2,60,4,4,4,4,4,none,False,False,not_applicable,4,4,2,2,2,2,7,0.1780112012650741,11390976.0,0.0,16992.80605342127,36394.00402297602,60.34623032453456,0.0,True,True,True
74,74000,60.000000,treatment,,60.000000,60,60,60,0,0,15.0,32.0,32.0,12.945469999999998,2,60,4,4,4,4,4,none,False,False,not_applicable,4,4,2,2,2,2,7,0.1803188729234213,11390976.0,0.0,17914.933236745717,38002.48897523343,59.90088281327034,0.0,True,True,True
75,75000,60.000000,treatment,,60.000000,60,59,59,0,0,16.0,32.0,32.0,14.295529999999992,2,60,4,4,4,4,4,none,False,False,not_applicable,4,4,2,2,2,2,7,0.19347004457638273,11669504.0,0.0,18133.012439602444,38452.53971376107,60.1235379740168,0.0,True,True,True
76,76000,60.000000,treatment,,60.000000,60,60,60,0,0,15.0,16.749999999999957,32.0,13.218939999999996,2,60,4,4,4,4,4,none,False,False,not_applicable,4,4,2,2,2,2,7,0.19577771623472992,11669504.0,0.0,18344.858956311557,38895.697349065864,60.225543578916174,0.0,True,True,True
77,77000,60.000000,treatment,,60.000000,60,61,61,0,0,15.0,31.0,31.0,13.612469999999998,2,60,4,4,4,4,4,none,False,False,not_applicable,4,4,2,2,2,2,7,0.19808538789307711,11669504.0,0.0,18561.95103751044,39344.65637026331,60.0,0.0,True,True,True
78,78000,60.000000,treatment,,60.000000,60,59,59,0,0,15.0,31.0,31.42,14.295529999999992,2,60,4,4,4,4,4,none,False,False,not_applicable,4,4,2,2,2,2,7,0.2003930595514243,11669504.0,0.0,18779.043118709324,39793.61539146076,60.11440777370325,0.0,True,True,True
79,79000,60.000000,treatment,,60.000000,60,60,60,0,0,15.0,31.049999999999997,32.0,13.612469999999998,2,60,4,4,4,4,4,none,False,False,not_applicable,4,4,2,2,2,2,7,0.2027007312097715,11669504.0,0.0,18996.135199908207,40242.5744126582,60.10782752533669,0.0,True,True,True
80,80000,60.000000,treatment,,60.000000,60,60,60,0,0,7.5,31.049999999999997,32.0,14.295529999999992,2,60,4,4,4,4,4,none,False,False,not_applicable,4,4,2,2,2,2,7,0.2106242177966398,13414400.0,0.0,19213.22728110709,40691.53343385564,60.00330900964305,0.0,True,True,True
81,81000,60.000000,treatment,,60.000000,60,61,61,0,0,15.0,31.0,31.4,16.90199999999999,2,60,4,4,4,4,4,none,False,False,not_applicable,4,4,2,2,2,2,7,0.213152723703061,13414400.0,0.0,19430.319362305974,41140.49245505309,59.777777777777786,0.0,True,True,True
82,82000,60.000000,treatment,,60.000000,60,59,59,0,0,15.0,31.099999999999994,32.0,13.612469999999998,2,60,4,4,4,4,4,none,False,False,not_applicable,4,4,2,2,2,2,7,0.21568122960948216,13414400.0,0.0,19647.411443504858,41589.451476250535,59.88888888888889,0.0,True,True,True
83,83000,60.000000,treatment,,60.000000,60,61,61,0,0,16.0,32.0,37.59999999999998,13.612469999999998,2,60,4,4,4,4,4,none,False,False,not_applicable,4,4,2,2,2,2,7,0.21820973551590334,13414400.0,0.0,19950.526144373827,42119.99968063608,60.00333370374486,0.0,True,True,True
84,84000,60.000000,treatment,,60.000000,60,60,60,0,0,15.0,31.0,31.0,13.612469999999998,2,25,4,1,1,4,4,none,True,False,not_applicable,4,4,2,2,2,2,7,0.2207382414223245,13414400.0,0.0,20715.13792794654,43615.3671550052,60.111111111111114,0.0,True,True,True
85,85000,60.000000,treatment,,60.000000,60,60,60,0,0,15.0,31.0,32.0,14.295529999999992,2,25,4,1,1,4,4,none,True,False,not_applicable,4,4,2,2,2,2,7,0.22326674732874568,13414400.0,0.0,20971.789884955702,44115.79960899763,60.0,0.0,True,True,True
86,86000,60.000000,treatment,,60.000000,60,59,59,0,0,16.0,31.0,31.42,13.339,2,25,4,1,1,4,4,none,True,False,not_applicable,4,4,2,2,2,2,7,0.22579525323516683,13414400.0,0.0,21204.62659269486,44594.19130149622,60.114481856008695,0.0,True,True,True
87,87000,60.000000,treatment,,60.000000,60,60,60,0,0,15.5,31.049999999999997,32.0,14.295529999999992,2,25,4,1,1,4,4,none,True,False,not_applicable,4,4,2,2,2,2,7,0.228323759141588,13414400.0,0.0,21441.26680890119,45079.34138549404,60.0,0.0,True,True,True
88,88000,60.000000,treatment,,60.000000,60,60,60,0,0,15.0,31.0,32.0,13.612469999999998,2,25,4,1,1,4,4,none,True,False,not_applicable,4,4,2,2,2,2,7,0.23453203143289522,13414400.0,0.0,21677.907025107517,45564.49146949185,59.77777777777778,0.0,True,True,True
89,89000,60.000000,treatment,peak_end,60.000000,60,61,61,0,0,15.0,31.0,31.4,12.945469999999998,2,25,4,1,1,4,4,none,True,False,not_applicable,4,4,2,2,2,2,7,0.23706053733931642,13414400.0,0.0,21914.547241313845,46049.641553489666,59.780950969860854,0.0,True,True,True
90,90000,25.000000,recovery,recovery_start;recovery_complete;recovery;stable_end,25.000000,26,25,25,0,0,15.0,31.0,31.759999999999998,11.839,2,25,1,1,1,4,4,none,True,False,not_applicable,4,4,2,2,2,2,7,0.23958904324573754,13414400.0,0.0,22151.187457520176,46534.791637487484,60.111111111111114,0.0,True,True,True
91,91000,25.000000,recovery,,25.000000,25,25,25,0,0,16.0,31.0,31.759999999999998,12.858999999999998,2,25,1,1,1,4,4,none,True,False,not_applicable,4,4,2,2,2,2,7,0.24893258827897358,13258752.0,0.0,23072.353858760514,48184.339196280736,56.88888888888889,0.0,True,True,True
92,92000,25.000000,recovery,,25.000000,25,25,25,0,0,16.0,31.799999999999997,32.0,12.339000000000002,2,25,1,1,1,4,4,none,True,False,not_applicable,4,4,2,2,2,2,7,0.25146109418539475,13258752.0,0.0,23308.994074966846,48669.489280278554,53.0,0.0,True,True,True
93,93000,25.000000,recovery,,25.000000,25,25,25,0,0,16.0,27.999999999999957,31.0,12.099,2,25,1,1,1,4,4,none,True,False,not_applicable,4,4,2,2,2,2,7,0.2539896000918159,13258752.0,0.0,23545.634291173174,49154.639364276365,49.22222222222223,0.0,True,True,True
94,94000,25.000000,recovery,,25.000000,25,25,25,0,0,15.0,31.0,31.759999999999998,14.339000000000002,2,25,1,1,1,4,4,none,True,False,not_applicable,4,4,2,2,2,2,7,0.23664088894138363,13258752.0,0.0,23782.2745073795,49639.78944827418,45.22222222222223,0.0,True,True,True
95,95000,25.000000,recovery,,25.000000,25,25,25,0,0,16.0,31.0,31.759999999999998,12.339000000000002,2,25,1,1,1,4,4,none,True,False,not_applicable,4,4,2,2,2,2,7,0.23664088894138363,13258752.0,0.0,24018.91472358583,50124.939532272,41.333161004113094,0.0,True,True,True
96,96000,25.000000,recovery,,25.000000,25,25,25,0,0,15.0,31.0,31.759999999999998,14.378999999999994,2,25,1,1,1,4,4,none,True,False,not_applicable,4,4,2,2,2,2,7,0.23664088894138363,13258752.0,0.0,24255.554939792157,50610.08961626982,37.44444444444444,0.0,True,True,True
97,97000,25.000000,recovery,,25.000000,25,25,25,0,0,16.0,32.0,32.0,14.339000000000002,2,25,1,1,1,4,4,none,True,False,not_applicable,4,4,2,2,2,2,7,0.23664088894138363,13258752.0,0.0,23798.915793444005,50166.11348736909,33.743558032340246,0.0,True,True,True
98,98000,25.000000,recovery,,25.000000,25,25,25,0,0,16.0,31.0,31.0,11.858999999999998,2,25,1,1,1,4,4,none,True,False,not_applicable,4,4,2,2,2,2,7,0.23664088894138363,13258752.0,0.0,24019.286047374055,50629.458727244535,30.066815144766146,0.0,True,True,True
99,99000,25.000000,recovery,,25.000000,25,25,25,0,0,16.0,31.0,31.759999999999998,15.339000000000002,2,25,1,1,1,4,4,none,True,False,not_applicable,4,4,2,2,2,2,7,0.2606717362377301,13774848.0,0.0,24239.414381540588,51089.98927796916,25.946547884187083,0.0,True,True,True
100,100000,25.000000,recovery,,25.000000,25,26,26,0,0,7.5,31.0,31.0,14.099,2,25,1,1,1,4,4,none,True,False,not_applicable,4,4,2,2,2,2,7,0.2630091798148105,13774848.0,0.0,24459.77922424279,51553.271559266504,24.94432071269488,0.0,True,True,True
101,101000,25.000000,recovery,,25.000000,25,25,25,0,0,15.0,31.799999999999997,32.0,11.858999999999998,2,25,1,1,1,4,4,none,True,False,not_applicable,4,4,2,2,2,2,7,0.2653466233918908,13774848.0,0.0,23274.04470556398,48641.4338524092,25.054203764492676,0.0,True,True,True
102,102000,25.000000,recovery,,25.000000,25,24,24,0,0,15.0,16.0,27.549999999999994,14.099,2,25,1,1,1,4,4,none,True,False,not_applicable,4,4,2,2,2,2,7,0.2676840669689712,13774848.0,0.0,26048.843542087132,54419.35517296633,25.055679287305125,0.0,True,True,True
103,103000,25.000000,recovery,,25.000000,25,25,25,0,0,15.0,32.0,32.0,14.618999999999996,2,25,1,1,1,4,4,none,True,False,not_applicable,4,4,2,2,2,2,7,0.2700215105460515,13774848.0,0.0,26269.20838478933,54882.63745426368,25.165859923535677,0.0,True,True,True
104,104000,25.000000,recovery,,25.000000,25,25,25,0,0,16.0,32.0,32.0,12.099,2,25,1,1,1,4,4,none,True,False,not_applicable,4,4,2,2,2,2,7,0.28332510694227686,13774848.0,0.0,26489.57322749153,55345.91973556102,24.93956042185102,0.0,True,True,True
105,105000,25.000000,recovery,,25.000000,25,25,25,0,0,15.0,31.799999999999997,32.0,14.618999999999996,2,25,1,1,1,4,4,none,True,False,not_applicable,4,4,2,2,2,2,7,0.28566255051935724,13774848.0,0.0,26709.93807019373,55809.20201685838,25.167037861915368,0.0,True,True,True
106,106000,25.000000,recovery,,25.000000,25,25,25,0,0,16.0,31.0,31.0,12.099,2,25,1,1,1,4,4,none,True,False,not_applicable,4,4,2,2,2,2,7,0.28799999409643756,13774848.0,0.0,24184.105595403013,51650.50461514877,25.0,0.0,True,True,True
107,107000,25.000000,recovery,,25.000000,25,26,26,0,0,15.0,31.0,31.75,12.099,2,25,1,1,1,4,4,none,True,False,not_applicable,4,4,2,2,2,2,7,0.29033743767351794,13774848.0,0.0,24404.470438105214,52113.786896446116,24.887395227690753,0.0,True,True,True
108,108000,25.000000,recovery,,25.000000,25,24,24,0,0,23.5,31.0,31.77,14.099,2,25,1,1,1,4,4,none,True,False,not_applicable,4,4,2,2,2,2,7,0.25977939628955465,13815808.0,0.0,24624.835280807412,52577.06917774346,24.888888888888893,0.0,True,True,True
109,109000,25.000000,recovery,,25.000000,25,25,25,0,0,16.0,31.0,31.0,11.858999999999998,2,25,1,1,1,4,4,none,True,False,not_applicable,4,4,2,2,2,2,7,0.26211683986663503,13815808.0,0.0,24845.20012350961,53040.351459040816,25.0,0.0,True,True,True
110,110000,25.000000,recovery,,25.000000,25,25,25,0,0,16.0,31.0,31.0,12.858999999999998,2,25,1,1,1,4,4,none,True,False,not_applicable,4,4,2,2,2,2,7,0.26445428344371535,13815808.0,0.0,25065.564966211812,53503.63374033816,25.112444592609055,0.0,True,True,True
111,111000,25.000000,recovery,,25.000000,25,25,25,0,0,15.0,31.0,31.0,12.339000000000002,2,25,1,1,1,4,4,none,True,False,not_applicable,4,4,2,2,2,2,7,0.2667917270207957,13815808.0,0.0,24076.06413846376,52063.97616467745,24.888888888888893,0.0,True,True,True
112,112000,25.000000,recovery,,25.000000,25,25,25,0,0,16.0,31.0,43.15999999999997,14.339000000000002,2,25,1,1,1,4,4,none,True,False,not_applicable,4,4,2,2,2,2,7,0.26912917059787606,13815808.0,0.0,24274.9274241892,52493.17134352105,24.890333493844995,0.0,True,True,True
113,113000,25.000000,recovery,,25.000000,25,25,25,0,0,16.0,31.799999999999997,32.0,12.339000000000002,2,25,1,1,1,1,3,scale_down,False,False,not_applicable,3,3,2,2,2,2,7,0.27146661417495643,13815808.0,0.0,24461.729674673683,52912.33159707271,25.004099514551775,0.0,True,True,True
114,114000,25.000000,recovery,,25.000000,25,26,26,0,0,15.0,31.0,31.0,14.858999999999998,2,25,1,1,1,1,2,scale_down,False,False,not_applicable,2,2,2,2,2,2,7,0.27380405775203676,13815808.0,0.0,24657.20771233537,53338.82287616011,25.0,0.0,True,True,True
115,115000,25.000000,recovery,,25.000000,25,24,24,0,0,16.0,32.0,32.0,11.858999999999998,2,25,1,1,1,1,1,scale_down,False,False,not_applicable,1,1,1,1,2,1,7,0.2537594131519441,13815808.0,0.0,22234.29346056866,48579.56958103211,25.111111111111114,0.0,True,True,True
116,116000,25.000000,recovery,,25.000000,25,25,25,0,0,16.0,31.0,31.0,12.099,1,25,1,1,1,1,1,none,False,False,not_applicable,1,1,1,1,2,1,7,0.2514064987621445,13815808.0,0.0,22430.098380403855,49004.08847639308,24.255955555555555,0.0,True,True,True
117,117000,25.000000,recovery,,25.000000,25,25,25,0,0,15.0,31.0,31.759999999999998,11.858999999999998,1,25,1,1,1,1,1,none,False,False,not_applicable,1,1,1,1,1,1,7,0.24905358437234482,13815808.0,0.0,22615.34244093271,49420.54401295935,24.387300000000003,0.0,True,True,True
118,118000,25.000000,recovery,,25.000000,25,25,25,0,0,16.0,31.799999999999997,32.0,14.618999999999996,1,25,1,1,1,1,1,none,False,False,not_applicable,1,1,1,1,1,1,7,0.23102531902761658,13815808.0,0.0,24188.417772211567,52929.737403419414,24.530966666666664,0.0,True,True,True
119,119000,25.000000,recovery,,25.000000,25,26,26,0,0,16.0,31.0,31.75,12.339000000000002,1,25,1,1,1,1,1,none,False,False,not_applicable,1,1,1,1,1,1,7,0.22867240463781696,13815808.0,0.0,22989.37353165532,50923.305034164376,24.550147621375405,0.0,True,True,True
120,120000,25.000000,recovery,,25.000000,25,24,24,0,0,16.0,32.0,32.0,14.858999999999998,1,25,1,1,1,1,1,none,False,False,not_applicable,1,1,1,1,1,1,7,0.22631949024801734,13815808.0,0.0,22986.857155094272,50921.34240744932,24.753847222222227,0.0,True,True,True
121,121000,25.000000,recovery,,25.000000,25,25,25,0,0,15.0,31.0,31.0,12.099,1,25,1,1,1,1,1,none,False,False,not_applicable,1,1,1,1,1,1,7,0.2239665758582177,13815808.0,0.0,22984.340778533224,50919.37978073428,24.83096666666667,0.0,True,True,True
122,122000,25.000000,recovery,,25.000000,25,26,26,0,0,16.0,31.0,31.75,14.618999999999996,1,25,1,1,1,1,1,none,False,False,not_applicable,1,1,1,1,1,1,7,0.22161366146841804,7426048.0,0.0,22981.824401972175,50917.417154019226,25.125433333333334,0.0,True,True,True
123,123000,25.000000,recovery,,25.000000,25,24,24,0,0,16.0,31.0,31.0,13.858999999999998,1,25,1,1,1,1,1,none,False,False,not_applicable,1,1,1,1,1,1,7,0.219337999052721,12529664.0,0.0,21057.763838083305,46656.596510775256,24.997588888888888,0.0,True,True,True
124,124000,25.000000,recovery,,25.000000,25,25,25,0,0,16.0,31.799999999999997,32.0,12.099,1,25,1,1,1,1,1,none,False,False,not_applicable,1,1,1,1,1,1,7,0.21698508466292138,12529664.0,0.0,22475.411891358723,50186.770935364584,24.002666962995885,0.0,True,True,True
125,125000,25.000000,recovery,,25.000000,25,25,25,0,0,16.0,32.0,43.39999999999997,14.099,1,25,1,1,1,1,1,none,False,False,not_applicable,1,1,1,1,1,1,7,0.21463217027312173,12529664.0,0.0,20837.75167622332,46567.279844350414,25.0,0.0,True,True,True
126,126000,25.000000,recovery,,25.000000,25,25,25,0,0,16.0,32.0,32.0,12.339000000000002,1,25,1,1,1,1,1,none,False,False,not_applicable,1,1,1,1,1,1,7,0.21227925588332208,12529664.0,0.0,20648.744053126942,46147.909437699294,25.0,0.0,True,True,True
127,127000,25.000000,recovery,,25.000000,25,25,25,0,0,15.0,31.0,31.759999999999998,15.099,1,25,1,1,1,1,1,none,False,False,not_applicable,1,1,1,1,1,1,7,0.20992634149352246,12529664.0,0.0,20459.736430030563,45728.539031048174,24.952656789573354,0.0,True,True,True
128,128000,25.000000,recovery,,25.000000,25,25,25,0,0,15.0,32.0,32.0,12.339000000000002,1,25,1,1,1,1,1,none,False,False,not_applicable,1,1,1,1,1,1,7,0.20757342710372284,12529664.0,0.0,20270.72880693419,45309.168624397054,24.952656789573354,0.0,True,True,True
129,129000,25.000000,recovery,,25.000000,25,25,25,0,0,15.0,31.0,31.759999999999998,14.618999999999996,1,25,1,1,1,1,1,none,False,False,not_applicable,1,1,1,1,1,1,7,0.20522051271392316,12529664.0,0.0,20081.72118383781,44889.79821774593,25.064052578812518,0.0,True,True,True
130,130000,25.000000,recovery,,25.000000,25,25,25,0,0,16.0,31.0,31.759999999999998,14.339000000000002,1,25,1,1,1,1,1,none,False,False,not_applicable,1,1,1,1,1,1,7,0.19747960063069075,12529664.0,0.0,19892.71356074143,44470.427811094814,25.064052578812518,0.0,True,True,True
131,131000,25.000000,recovery,,25.000000,25,26,26,0,0,16.0,31.75,32.0,12.339000000000002,1,25,1,1,1,1,1,none,False,False,not_applicable,1,1,1,1,1,1,7,0.19540041433938982,12529664.0,0.0,19702.325843520157,44048.72703038712,24.952656789573354,0.0,True,True,True
132,132000,25.000000,recovery,,25.000000,25,24,24,0,0,15.0,32.0,32.0,14.378999999999994,1,25,1,1,1,1,1,none,False,False,not_applicable,1,1,1,1,1,1,7,0.19332122804808888,12529664.0,0.0,18136.41638250064,41482.26350307511,24.952656789573354,0.0,True,True,True
133,133000,25.000000,recovery,,25.000000,25,25,25,0,0,16.0,31.0,31.759999999999998,12.099,1,25,1,1,1,1,1,none,False,False,not_applicable,1,1,1,1,1,1,7,0.19124204175678794,12529664.0,0.0,17988.24321592914,41120.17543755483,25.175448368051686,0.0,True,True,True
134,134000,25.000000,recovery,,25.000000,25,25,25,0,0,15.0,31.0,31.759999999999998,12.099,1,25,1,1,1,1,1,none,False,False,not_applicable,1,1,1,1,1,1,7,0.189162855465487,12529664.0,0.0,15470.955409521854,36835.74212846007,25.066844919786096,0.0,True,True,True
135,135000,25.000000,recovery,,25.000000,25,25,25,0,0,16.0,31.799999999999997,32.0,14.339000000000002,1,25,1,1,1,1,1,none,False,False,not_applicable,1,1,1,1,1,1,7,0.16198923237596385,12529664.0,0.0,15312.710054277266,36466.30408742159,25.064052578812518,0.0,True,True,True
136,136000,25.000000,recovery,,25.000000,25,25,25,0,0,15.0,32.0,32.0,11.858999999999998,1,25,1,1,1,1,1,none,False,False,not_applicable,1,1,1,1,1,1,7,0.15991004608466292,12529664.0,0.0,15154.464699032678,36096.86604638311,25.113901544616066,0.0,True,True,True
137,137000,25.000000,recovery,,25.000000,25,26,26,0,0,16.0,31.0,31.0,14.378999999999994,1,25,1,1,1,1,1,none,False,False,not_applicable,1,1,1,1,1,1,7,0.15783085979336198,12529664.0,0.0,14996.219343788089,35727.428005344635,25.111111111111114,0.0,True,True,True
138,138000,25.000000,recovery,,25.000000,25,24,24,0,0,15.0,31.849999999999998,32.0,14.339000000000002,1,25,1,1,1,1,1,none,False,False,not_applicable,1,1,1,1,1,1,7,0.17423553121438887,12619776.0,0.0,14837.973988543501,35357.98996430615,25.0,0.0,True,True,True
139,139000,25.000000,recovery,,25.000000,25,25,25,0,0,15.0,31.0,31.759999999999998,12.339000000000002,1,25,1,1,1,1,1,none,False,False,not_applicable,1,1,1,1,1,1,7,0.17215634492308793,12619776.0,0.0,14679.728633298913,34988.551923267674,25.111111111111114,0.0,True,True,True
140,140000,25.000000,recovery,,25.000000,25,25,25,0,0,16.0,31.0,31.759999999999998,14.618999999999996,1,25,1,1,1,1,1,none,False,False,not_applicable,1,1,1,1,1,1,7,0.11216974123276466,12619776.0,0.0,14521.483278054324,34619.1138822292,25.0,0.0,True,True,True
141,141000,25.000000,recovery,,25.000000,25,26,26,0,0,15.0,31.0,31.0,14.339000000000002,1,25,1,1,1,1,1,none,False,False,not_applicable,1,1,1,1,1,1,7,0.11216974123276466,12619776.0,0.0,14363.237922809736,34249.67584119072,25.111111111111114,0.0,True,True,True
142,142000,25.000000,recovery,,25.000000,25,24,24,0,0,15.5,32.0,32.0,11.858999999999998,1,25,1,1,1,1,1,none,False,False,not_applicable,1,1,1,1,1,1,7,0.11216974123276466,12619776.0,0.0,15814.136902417624,36471.6159773477,24.997222530829912,0.0,True,True,True
143,143000,25.000000,recovery,,25.000000,25,25,25,0,0,16.0,32.0,42.63999999999997,14.858999999999998,1,25,1,1,1,1,1,none,False,False,not_applicable,1,1,1,1,1,1,7,0.11216974123276466,12619776.0,0.0,15655.891547173034,36102.177936309214,25.0,0.0,True,True,True
144,144000,25.000000,recovery,,25.000000,25,25,25,0,0,15.0,31.799999999999997,32.0,12.339000000000002,1,25,1,1,1,1,1,none,False,False,not_applicable,1,1,1,1,1,1,7,0.11216974123276466,12619776.0,0.0,14546.779150989982,34085.56566304913,25.002778086454047,0.0,True,True,True
145,145000,25.000000,recovery,,25.000000,25,26,26,0,0,16.0,31.0,31.0,12.099,1,25,1,1,1,1,1,none,False,False,not_applicable,1,1,1,1,1,1,7,0.11216974123276466,12619776.0,0.0,14394.65218235318,33748.60208612004,24.997222530829912,0.0,True,True,True
146,146000,25.000000,recovery,,25.000000,25,24,24,0,0,16.0,32.0,32.0,14.339000000000002,1,25,1,1,1,1,1,none,False,False,not_applicable,1,1,1,1,1,1,7,0.11216974123276466,12619776.0,0.0,14242.425094780565,33411.854981000615,25.0,0.0,True,True,True
147,147000,25.000000,recovery,,25.000000,25,26,26,0,0,15.0,31.0,31.75,11.858999999999998,1,25,1,1,1,1,1,none,False,False,not_applicable,1,1,1,1,1,1,7,0.11216974123276466,12619776.0,0.0,14115.327450654986,33093.44557785606,25.0,0.0,True,True,True
148,148000,25.000000,recovery,,25.000000,25,24,24,0,0,16.0,31.0,31.77,14.858999999999998,1,25,1,1,1,1,1,none,False,False,not_applicable,1,1,1,1,1,1,7,0.11216974123276466,12619776.0,0.0,13988.229806529407,32775.0361747115,25.0,0.0,True,True,True
149,149000,25.000000,recovery,,25.000000,25,25,25,0,0,16.0,31.0,31.0,12.099,1,25,1,1,1,1,1,none,False,False,not_applicable,1,1,1,1,1,1,7,0.11216974123276466,12619776.0,0.0,13861.132162403828,32456.626771566946,25.0,0.0,True,True,True
150,150000,25.000000,recovery,,25.000000,25,25,25,0,0,16.0,31.0,31.759999999999998,12.099,1,25,1,1,1,1,1,none,False,False,not_applicable,1,1,1,1,1,1,7,0.11216974123276466,12619776.0,0.0,13734.03451827825,32138.217368422385,25.0,0.0,True,True,True
151,151000,25.000000,recovery,,25.000000,25,25,25,0,0,15.0,27.999999999999957,31.0,14.339000000000002,1,25,1,1,1,1,1,none,False,False,not_applicable,1,1,1,1,1,1,7,0.11853208819896167,12689408.0,0.0,15036.796900329191,34252.60378879037,24.88888888888889,0.0,True,True,True
152,152000,25.000000,recovery,,25.000000,25,25,25,0,0,16.0,32.0,32.0,11.858999999999998,1,25,1,1,1,1,1,none,False,False,not_applicable,1,1,1,1,1,1,7,0.13916799595467402,12689408.0,0.0,14909.699256203612,33934.19438564582,24.997222530829912,0.0,True,True,True
153,153000,25.000000,recovery,,25.000000,25,25,25,0,0,16.0,31.0,31.759999999999998,14.378999999999994,1,25,1,1,1,1,1,none,False,False,not_applicable,1,1,1,1,1,1,7,0.13916799595467402,12689408.0,0.0,15173.639198050643,34325.16474374838,24.886123764026223,0.0,True,True,True
154,154000,25.000000,recovery,,25.000000,25,26,26,0,0,16.0,31.0,31.75,11.858999999999998,1,25,1,1,1,1,1,none,False,False,not_applicable,1,1,1,1,1,1,7,0.13916799595467402,12689408.0,0.0,15046.541553925064,34006.75534060382,24.88888888888889,0.0,True,True,True
155,155000,25.000000,recovery,,25.000000,25,24,24,0,0,16.0,31.0,31.0,14.858999999999998,1,25,1,1,1,1,1,none,False,False,not_applicable,1,1,1,1,1,1,7,0.13916799595467402,12689408.0,0.0,14919.443909799485,33688.345937459264,24.88888888888889,0.0,True,True,True
156,156000,25.000000,recovery,,25.000000,25,26,26,0,0,16.0,32.0,32.0,12.099,1,25,1,1,1,1,1,none,False,False,not_applicable,1,1,1,1,1,1,7,0.13916799595467402,12689408.0,0.0,14792.346265673907,33369.93653431471,24.88888888888889,0.0,True,True,True
157,157000,25.000000,recovery,,25.000000,25,24,24,0,0,16.0,28.749999999999968,31.0,15.099,1,25,1,1,1,1,1,none,False,False,not_applicable,1,1,1,1,1,1,7,0.13916799595467402,12689408.0,0.0,12177.820628366626,26819.936702228002,24.911032028469744,0.0,True,True,True
158,158000,25.000000,recovery,,25.000000,25,26,26,0,0,16.0,32.0,32.0,12.339000000000002,1,25,1,1,1,1,1,none,False,False,not_applicable,1,1,1,1,1,1,7,0.13916799595467402,12689408.0,0.0,12177.820628366626,26819.936702228002,25.022241992882556,0.0,True,True,True
159,159000,25.000000,recovery,,25.000000,25,24,24,0,0,16.0,31.0,31.77,14.858999999999998,1,25,1,1,1,1,1,none,False,False,not_applicable,1,1,1,1,1,1,7,0.13916799595467402,12689408.0,0.0,12177.820628366626,26819.936702228002,24.911032028469744,0.0,True,True,True
160,160000,25.000000,recovery,,25.000000,25,25,25,0,0,16.0,31.0,31.0,14.339000000000002,1,25,1,1,1,1,1,none,False,False,not_applicable,1,1,1,1,1,1,7,0.13916799595467402,12689408.0,0.0,12177.820628366626,26819.936702228002,25.133451957295367,0.0,True,True,True
161,161000,25.000000,recovery,,25.000000,25,25,25,0,0,15.0,31.0,31.759999999999998,11.858999999999998,1,25,1,1,1,1,1,none,False,False,not_applicable,1,1,1,1,1,1,7,0.13916799595467402,12689408.0,0.0,12177.820628366626,26819.936702228002,24.911032028469744,0.0,True,True,True
162,162000,25.000000,recovery,,25.000000,25,25,25,0,0,16.0,31.0,31.759999999999998,14.858999999999998,1,25,1,1,1,1,1,none,False,False,not_applicable,1,1,1,1,1,1,7,0.13916799595467402,12689408.0,0.0,12177.820628366626,26819.936702228002,25.022241992882556,0.0,True,True,True
163,163000,25.000000,recovery,,25.000000,25,26,26,0,0,16.0,32.0,32.0,11.858999999999998,1,25,1,1,1,1,1,none,False,False,not_applicable,1,1,1,1,1,1,7,0.13916799595467402,12689408.0,0.0,12177.820628366626,26819.936702228002,25.022241992882556,0.0,True,True,True
164,164000,25.000000,recovery,,25.000000,25,24,24,0,0,16.0,31.0,31.77,14.378999999999994,1,25,1,1,1,1,1,none,False,False,not_applicable,1,1,1,1,1,1,7,0.13916799595467402,12689408.0,0.0,12177.820628366626,26819.936702228002,25.133451957295367,0.0,True,True,True
165,165000,25.000000,recovery,,25.000000,25,25,25,0,0,15.0,31.0,31.759999999999998,13.858999999999998,1,25,1,1,1,1,1,none,False,False,not_applicable,1,1,1,1,1,1,7,0.13916799595467402,12689408.0,0.0,12177.820628366626,26819.936702228002,25.136247358469582,0.0,True,True,True
166,166000,25.000000,recovery,,25.000000,25,26,26,0,0,15.5,31.75,32.0,11.858999999999998,1,25,1,1,1,1,1,none,False,False,not_applicable,1,1,1,1,1,1,7,0.13916799595467402,12689408.0,0.0,11051.551151824366,23718.400262832405,25.111111111111114,0.0,True,True,True
167,167000,25.000000,recovery,,25.000000,25,24,24,0,0,16.0,31.0,31.0,14.339000000000002,1,25,1,1,1,1,1,none,False,False,not_applicable,1,1,1,1,1,1,7,0.11807515327891048,12689408.0,0.0,11274.956978801622,24197.864978011406,25.00277808645405,0.0,True,True,True
168,168000,25.000000,recovery,,25.000000,25,25,25,0,0,16.0,32.0,32.0,12.339000000000002,1,25,1,1,1,1,1,none,False,False,not_applicable,1,1,1,1,1,1,7,0.12440488824135966,12689408.0,0.0,13404.349618635333,28767.882910740052,25.111111111111114,0.0,True,True,True
169,169000,25.000000,recovery,,25.000000,25,26,26,0,0,16.0,31.75,32.0,14.378999999999994,1,25,1,1,1,1,1,none,False,False,not_applicable,1,1,1,1,1,1,7,0.12190106647584505,12689408.0,0.0,11436.2559858792,24544.038502370644,24.891654628292034,0.0,True,True,True
170,170000,25.000000,recovery,,25.000000,25,24,24,0,0,16.0,31.849999999999998,32.0,11.858999999999998,1,25,1,1,1,1,1,none,False,False,not_applicable,1,1,1,1,1,1,7,0.15058619300106044,12488704.0,0.0,11212.850158901945,24064.573787191646,25.0,0.0,True,True,True
171,171000,25.000000,recovery,,25.000000,25,25,25,0,0,16.0,31.799999999999997,32.0,12.099,1,25,1,1,1,1,1,none,False,False,not_applicable,1,1,1,1,1,1,7,0.15058619300106044,12488704.0,0.0,13430.535206412136,28756.11910712747,25.111111111111114,0.0,True,True,True
172,172000,25.000000,recovery,,25.000000,25,25,25,0,0,16.0,31.0,31.759999999999998,14.339000000000002,1,25,1,1,1,1,1,none,False,False,not_applicable,1,1,1,1,1,1,7,0.15058619300106044,12488704.0,0.0,13430.535206412136,28756.11910712747,25.11390154461607,0.0,True,True,True
173,173000,25.000000,recovery,,25.000000,25,25,25,0,0,16.0,32.0,32.0,11.858999999999998,1,25,1,1,1,1,1,none,False,False,not_applicable,1,1,1,1,1,1,7,0.15058619300106044,12488704.0,0.0,13430.535206412136,28756.11910712747,24.88888888888889,0.0,True,True,True
174,174000,25.000000,recovery,,25.000000,25,25,25,0,0,16.0,31.0,31.0,14.858999999999998,1,25,1,1,1,1,1,none,False,False,not_applicable,1,1,1,1,1,1,7,0.15058619300106044,12488704.0,0.0,13430.535206412136,28756.11910712747,24.886123764026216,0.0,True,True,True
175,175000,25.000000,recovery,,25.000000,25,25,25,0,0,16.0,32.0,32.0,13.858999999999998,1,25,1,1,1,1,1,none,False,False,not_applicable,1,1,1,1,1,1,7,0.15058619300106044,12488704.0,0.0,13430.535206412136,28756.11910712747,24.88888888888889,0.0,True,True,True
176,176000,25.000000,recovery,,25.000000,25,26,26,0,0,16.0,31.0,31.75,11.858999999999998,1,25,1,1,1,1,1,none,False,False,not_applicable,1,1,1,1,1,1,7,0.15058619300106044,12488704.0,0.0,13430.535206412136,28756.11910712747,24.997222530829905,0.0,True,True,True
177,177000,25.000000,recovery,,25.000000,25,24,24,0,0,16.0,32.0,32.0,14.339000000000002,1,25,1,1,1,1,1,none,False,False,not_applicable,1,1,1,1,1,1,7,0.15058619300106044,12488704.0,0.0,13430.535206412136,28756.11910712747,24.88888888888889,0.0,True,True,True
178,178000,25.000000,recovery,,25.000000,25,26,26,0,0,15.0,31.75,32.0,11.858999999999998,1,25,1,1,1,1,1,none,False,False,not_applicable,1,1,1,1,1,1,7,0.15058619300106044,12488704.0,0.0,13430.535206412136,28756.11910712747,24.997222530829905,0.0,True,True,True
179,179000,25.000000,recovery,,25.000000,25,24,24,0,0,15.5,31.0,31.77,14.858999999999998,1,25,1,1,1,1,1,none,False,False,not_applicable,1,1,1,1,1,1,7,0.15058619300106044,12488704.0,0.0,13430.535206412136,28756.11910712747,25.00277808645405,0.0,True,True,True
