run_id,target_replicas,increment,pod_name,pod_uid,node,image_id,restart_count,created_utc,scheduled_utc,container_started_utc,ready_utc,app_ready_utc,first_request_utc,creation_delay_s,scheduling_delay_s,startup_delay_s,container_to_ready_s,readiness_actuation_delay_s,effective_serving_delay_s,first_request_probe_rtt_ms,api_creation_from_scale_s,api_readiness_from_scale_s,first_observed_utc
cached-main-1to2-rep01-20260803-235234,2,1,benchmark-app-6f64dbf585-z56z7,1ebfeb9e-c16d-4b18-834a-2cd4e79ffe60,anfa-dev-worker,docker.io/anfa/benchmark-app@sha256:0fd880c5401b443a3dfb329c48fe3bd8c844643007a6097f6c31917a47961cee,0,2026-08-03T18:52:41Z,2026-08-03T18:52:41Z,2026-08-03T18:52:42Z,2026-08-03T18:52:42Z,2026-08-03T18:52:42.52651655Z,2026-08-03T18:52:43.6866803Z,0.3882784,0,1,0,1.6068044,2.6602469,36.9555,0.0105977,1.0105977,2026-08-03T18:52:41.1616691Z
cached-main-1to2-rep02-20260803-235427,2,1,benchmark-app-6f64dbf585-dvdd7,6999e985-254f-4a3f-bf84-106dbbd9db7a,anfa-dev-worker,docker.io/anfa/benchmark-app@sha256:0fd880c5401b443a3dfb329c48fe3bd8c844643007a6097f6c31917a47961cee,0,2026-08-03T18:54:45Z,2026-08-03T18:54:45Z,2026-08-03T18:54:46Z,2026-08-03T18:54:46Z,2026-08-03T18:54:46.845163615Z,2026-08-03T18:54:48.3784542Z,0.3452004,0,1,0,1.4438837,3.0526792,35.7945999999997,-0.2921056,0.7078944,2026-08-03T18:54:45.4527946Z
cached-main-1to2-rep03-20260803-235516,2,1,benchmark-app-6f64dbf585-7h2xp,7dc98c31-b390-4f89-b8a0-951a9d8d5cb9,anfa-dev-worker,docker.io/anfa/benchmark-app@sha256:0fd880c5401b443a3dfb329c48fe3bd8c844643007a6097f6c31917a47961cee,0,2026-08-03T18:55:35Z,2026-08-03T18:55:35Z,2026-08-03T18:55:36Z,2026-08-03T18:55:36Z,2026-08-03T18:55:36.731076674Z,2026-08-03T18:55:39.1103020Z,0.3535609,0,1,0,1.7167461,3.2417524,31.4243000000001,-0.8411399,0.1588601,2026-08-03T18:55:35.9929584Z
cached-main-1to2-rep04-20260803-235603,2,1,benchmark-app-6f64dbf585-zmkwz,c84e54a5-fcfb-47d8-b8e7-d456b2cb0fca,anfa-dev-worker,docker.io/anfa/benchmark-app@sha256:0fd880c5401b443a3dfb329c48fe3bd8c844643007a6097f6c31917a47961cee,0,2026-08-03T18:56:22Z,2026-08-03T18:56:22Z,2026-08-03T18:56:23Z,2026-08-03T18:56:23Z,2026-08-03T18:56:23.414058284Z,2026-08-03T18:56:24.7346487Z,0.3201459,0,1,0,1.3088411,2.6312036,35.0897,-0.0729526,0.9270474,2026-08-03T18:56:22.2129807Z
cached-main-1to2-rep05-20260803-235807,2,1,benchmark-app-6f64dbf585-blnv9,c0a47f77-4be9-4924-9370-c1577b52aeb2,anfa-dev-worker,docker.io/anfa/benchmark-app@sha256:0fd880c5401b443a3dfb329c48fe3bd8c844643007a6097f6c31917a47961cee,0,2026-08-03T18:58:27Z,2026-08-03T18:58:27Z,2026-08-03T18:58:28Z,2026-08-03T18:58:28Z,2026-08-03T18:58:28.711497669Z,2026-08-03T18:58:29.7205899Z,0.3562482,0,1,0,1.5675159,2.6259564,38.5461,-0.0667884,0.9332116,2026-08-03T18:58:27.2299949Z
cached-main-1to2-rep06-20260803-235855,2,1,benchmark-app-6f64dbf585-7b8q4,2b1f53d1-1949-4710-a53a-2e5e318ac236,anfa-dev-worker,docker.io/anfa/benchmark-app@sha256:0fd880c5401b443a3dfb329c48fe3bd8c844643007a6097f6c31917a47961cee,0,2026-08-03T18:59:14Z,2026-08-03T18:59:14Z,2026-08-03T18:59:15Z,2026-08-03T18:59:15Z,2026-08-03T18:59:15.259984243Z,2026-08-03T18:59:17.3866823Z,0.5099424,0,1,0,2.1762743,2.8496664,55.7204999999999,-0.5045832,0.4954168,2026-08-03T18:59:14.7701121Z
cached-main-1to2-rep07-20260803-235944,2,1,benchmark-app-6f64dbf585-8bb25,3c53f2d2-e589-4d1b-8a84-988c370693d8,anfa-dev-worker,docker.io/anfa/benchmark-app@sha256:0fd880c5401b443a3dfb329c48fe3bd8c844643007a6097f6c31917a47961cee,0,2026-08-03T19:00:03Z,2026-08-03T19:00:03Z,2026-08-03T19:00:04Z,2026-08-03T19:00:04Z,2026-08-03T19:00:04.24720304Z,2026-08-03T19:00:06.1504574Z,0.3093042,0,1,0,1.3895279,3.2475364,30.7107999999998,0.1223489,1.1223489,2026-08-03T19:00:03.0181761Z
cached-main-1to2-rep08-20260804-000145,2,1,benchmark-app-6f64dbf585-rc27l,1ffe97a4-2946-44b9-a8c5-295c1ca331d5,anfa-dev-worker,docker.io/anfa/benchmark-app@sha256:0fd880c5401b443a3dfb329c48fe3bd8c844643007a6097f6c31917a47961cee,0,2026-08-03T19:02:04Z,2026-08-03T19:02:04Z,2026-08-03T19:02:05Z,2026-08-03T19:02:05Z,2026-08-03T19:02:05.007615314Z,2026-08-03T19:02:05.9445492Z,0.2698646,0,1,0,1.2183302,2.386673,26.9272000000001,0.4642596,1.4642596,2026-08-03T19:02:03.6571888Z
cached-main-1to2-rep09-20260804-000233,2,1,benchmark-app-6f64dbf585-qjg8c,450f32ad-5430-4b9d-90b4-e1c5121e4b95,anfa-dev-worker,docker.io/anfa/benchmark-app@sha256:0fd880c5401b443a3dfb329c48fe3bd8c844643007a6097f6c31917a47961cee,0,2026-08-03T19:02:51Z,2026-08-03T19:02:51Z,2026-08-03T19:02:52Z,2026-08-03T19:02:52Z,2026-08-03T19:02:52.652449744Z,2026-08-03T19:02:54.5271183Z,0.3712102,0,1,0,1.3514244,2.6050499,27.8276000000001,-0.898811,0.101189,2026-08-03T19:02:52.0448008Z
cached-main-1to2-rep10-20260804-000322,2,1,benchmark-app-6f64dbf585-b26rv,cc0f8b00-88ca-43b2-b0e7-364eecf4dd64,anfa-dev-worker,docker.io/anfa/benchmark-app@sha256:0fd880c5401b443a3dfb329c48fe3bd8c844643007a6097f6c31917a47961cee,0,2026-08-03T19:03:42Z,2026-08-03T19:03:42Z,2026-08-03T19:03:43Z,2026-08-03T19:03:43Z,2026-08-03T19:03:43.399393345Z,2026-08-03T19:03:44.7884000Z,0.4558809,0,1,0,2.291124,3.1289273,57.5171,0.378772,1.378772,2026-08-03T19:03:41.8349641Z
cached-main-1to3-rep01-20260803-235245,3,2,benchmark-app-6f64dbf585-699lr,802ae504-d5f0-428e-a9b8-d1a468f116fd,anfa-dev-worker,docker.io/anfa/benchmark-app@sha256:0fd880c5401b443a3dfb329c48fe3bd8c844643007a6097f6c31917a47961cee,0,2026-08-03T18:52:54Z,2026-08-03T18:52:54Z,2026-08-03T18:52:55Z,2026-08-03T18:52:55Z,2026-08-03T18:52:55.390514442Z,2026-08-03T18:52:57.0429120Z,0.478124,0,1,0,1.7201703,2.8848281,36.1790999999998,-0.1313571,0.8686429,2026-08-03T18:52:54.3325585Z
cached-main-1to3-rep01-20260803-235245,3,2,benchmark-app-6f64dbf585-dkjwz,824662be-a034-477c-88ba-ef7ec19db439,anfa-dev-worker,docker.io/anfa/benchmark-app@sha256:0fd880c5401b443a3dfb329c48fe3bd8c844643007a6097f6c31917a47961cee,0,2026-08-03T18:52:54Z,2026-08-03T18:52:54Z,2026-08-03T18:52:55Z,2026-08-03T18:52:55Z,2026-08-03T18:52:55.571332924Z,2026-08-03T18:52:58.0212969Z,0.4832881,0,1,0,2.1208331,3.8620706,34.9184999999998,-0.1313571,0.8686429,2026-08-03T18:52:54.3325585Z
cached-main-1to3-rep02-20260803-235341,3,2,benchmark-app-6f64dbf585-285s5,27a4359e-71f4-4b30-b7f0-38eaaf19c42b,anfa-dev-worker,docker.io/anfa/benchmark-app@sha256:0fd880c5401b443a3dfb329c48fe3bd8c844643007a6097f6c31917a47961cee,0,2026-08-03T18:53:58Z,2026-08-03T18:53:58Z,2026-08-03T18:53:59Z,2026-08-03T18:53:59Z,2026-08-03T18:53:59.130339065Z,2026-08-03T18:54:01.2062927Z,0.3564767,0,1,0,1.9092817,2.943008,28.2872000000002,-0.2370326,0.7629674,2026-08-03T18:53:58.3863533Z
cached-main-1to3-rep02-20260803-235341,3,2,benchmark-app-6f64dbf585-l8nz2,a868c181-46d0-4d84-9547-5949afb63752,anfa-dev-worker,docker.io/anfa/benchmark-app@sha256:0fd880c5401b443a3dfb329c48fe3bd8c844643007a6097f6c31917a47961cee,0,2026-08-03T18:53:58Z,2026-08-03T18:53:58Z,2026-08-03T18:53:59Z,2026-08-03T18:53:59Z,2026-08-03T18:53:59.062037851Z,2026-08-03T18:54:00.8554636Z,0.3958832,0,1,0,1.2962961,2.5901539,30.607,-0.2370326,0.7629674,2026-08-03T18:53:58.3863533Z
cached-main-1to3-rep03-20260803-235540,3,2,benchmark-app-6f64dbf585-99f6t,2ba249b9-33f2-4142-9ece-14a6881a2cd0,anfa-dev-worker,docker.io/anfa/benchmark-app@sha256:0fd880c5401b443a3dfb329c48fe3bd8c844643007a6097f6c31917a47961cee,0,2026-08-03T18:55:58Z,2026-08-03T18:55:58Z,2026-08-03T18:55:59Z,2026-08-03T18:55:59Z,2026-08-03T18:55:59.724765253Z,2026-08-03T18:56:02.1305198Z,0.3577623,0,1,0,1.5171211,3.4531063,27.9347000000002,-0.6505416,0.3494584,2026-08-03T18:55:58.7953281Z
cached-main-1to3-rep03-20260803-235540,3,2,benchmark-app-6f64dbf585-qv6ts,581c8c81-c193-4ba1-bd8c-9c9a451da689,anfa-dev-worker,docker.io/anfa/benchmark-app@sha256:0fd880c5401b443a3dfb329c48fe3bd8c844643007a6097f6c31917a47961cee,0,2026-08-03T18:55:58Z,2026-08-03T18:55:58Z,2026-08-03T18:55:59Z,2026-08-03T18:55:59Z,2026-08-03T18:55:59.731392062Z,2026-08-03T18:56:01.4841315Z,0.3601761,0,1,0,1.5190905,2.8055344,30.0223000000001,-0.6505416,0.3494584,2026-08-03T18:55:58.7953281Z
cached-main-1to3-rep04-20260803-235626,3,2,benchmark-app-6f64dbf585-jx476,85ca3a95-d2bd-4623-b193-20148f871902,anfa-dev-worker,docker.io/anfa/benchmark-app@sha256:0fd880c5401b443a3dfb329c48fe3bd8c844643007a6097f6c31917a47961cee,0,2026-08-03T18:56:45Z,2026-08-03T18:56:45Z,2026-08-03T18:56:46Z,2026-08-03T18:56:46Z,2026-08-03T18:56:46.744502283Z,2026-08-03T18:56:47.6572030Z,0.3771371,0,1,0,1.6491966,2.7581817,41.7975000000001,0.1315946,1.1315946,2026-08-03T18:56:45.0285741Z
cached-main-1to3-rep04-20260803-235626,3,2,benchmark-app-6f64dbf585-ndhwh,bf7fa364-1ea1-4180-8abb-89f53ccccbe2,anfa-dev-worker,docker.io/anfa/benchmark-app@sha256:0fd880c5401b443a3dfb329c48fe3bd8c844643007a6097f6c31917a47961cee,0,2026-08-03T18:56:45Z,2026-08-03T18:56:45Z,2026-08-03T18:56:46Z,2026-08-03T18:56:46Z,2026-08-03T18:56:46.801265926Z,2026-08-03T18:56:50.6096703Z,0.3790883,0,1,0,1.6514332,5.7150651,33.6829000000007,0.1315946,1.1315946,2026-08-03T18:56:45.0285741Z
cached-main-1to3-rep05-20260803-235716,3,2,benchmark-app-6f64dbf585-l8cn5,d5b877ea-c886-486b-9221-d830eeb0d6ae,anfa-dev-worker,docker.io/anfa/benchmark-app@sha256:0fd880c5401b443a3dfb329c48fe3bd8c844643007a6097f6c31917a47961cee,0,2026-08-03T18:57:35Z,2026-08-03T18:57:35Z,2026-08-03T18:57:36Z,2026-08-03T18:57:37Z,2026-08-03T18:57:36.718014121Z,2026-08-03T18:57:38.5848423Z,0.36019,0,1,1,2.2117776,2.9840501,50.2999,-0.5641554,1.4358446,2026-08-03T18:57:35.7138023Z
cached-main-1to3-rep05-20260803-235716,3,2,benchmark-app-6f64dbf585-nnnhn,eef63dae-4837-4b25-9ea8-8619a757ab25,anfa-dev-worker,docker.io/anfa/benchmark-app@sha256:0fd880c5401b443a3dfb329c48fe3bd8c844643007a6097f6c31917a47961cee,0,2026-08-03T18:57:35Z,2026-08-03T18:57:35Z,2026-08-03T18:57:36Z,2026-08-03T18:57:37Z,2026-08-03T18:57:36.701365286Z,2026-08-03T18:57:39.7388645Z,0.3627742,0,1,1,2.2145766,4.1321694,51.1418999999996,-0.5641554,1.4358446,2026-08-03T18:57:35.7138023Z
cached-main-1to3-rep06-20260803-235919,3,2,benchmark-app-6f64dbf585-rxjv5,08b6926c-94bd-426f-9cda-b07b874aa1be,anfa-dev-worker,docker.io/anfa/benchmark-app@sha256:0fd880c5401b443a3dfb329c48fe3bd8c844643007a6097f6c31917a47961cee,0,2026-08-03T18:59:37Z,2026-08-03T18:59:37Z,2026-08-03T18:59:38Z,2026-08-03T18:59:38Z,2026-08-03T18:59:38.646469341Z,2026-08-03T18:59:41.0897496Z,0.4091641,0,1,0,1.6782451,3.6374872,42.6281999999997,-0.4168739,0.5831261,2026-08-03T18:59:37.5810989Z
cached-main-1to3-rep06-20260803-235919,3,2,benchmark-app-6f64dbf585-dwcwc,dce5ef2c-2a94-497b-a3e3-3583b8835c60,anfa-dev-worker,docker.io/anfa/benchmark-app@sha256:0fd880c5401b443a3dfb329c48fe3bd8c844643007a6097f6c31917a47961cee,0,2026-08-03T18:59:37Z,2026-08-03T18:59:37Z,2026-08-03T18:59:38Z,2026-08-03T18:59:38Z,2026-08-03T18:59:38.654097602Z,2026-08-03T18:59:42.5594282Z,0.4073695,0,1,0,1.6768594,5.1144051,31.3407999999999,-0.4168739,0.5831261,2026-08-03T18:59:37.5810989Z
cached-main-1to3-rep07-20260804-000008,3,2,benchmark-app-6f64dbf585-xsp4v,29f906f5-9060-4909-8ca3-474703258f8a,anfa-dev-worker,docker.io/anfa/benchmark-app@sha256:0fd880c5401b443a3dfb329c48fe3bd8c844643007a6097f6c31917a47961cee,0,2026-08-03T19:00:27Z,2026-08-03T19:00:27Z,2026-08-03T19:00:28Z,2026-08-03T19:00:28Z,2026-08-03T19:00:28.405226039Z,2026-08-03T19:00:29.3280441Z,0.3149433,0,1,0,1.3454483,2.6180553,29.9688999999998,0.3175651,1.3175651,2026-08-03T19:00:26.8270814Z
cached-main-1to3-rep07-20260804-000008,3,2,benchmark-app-6f64dbf585-qt48g,902116d5-7d06-4018-8ac9-fa6f2d495328,anfa-dev-worker,docker.io/anfa/benchmark-app@sha256:0fd880c5401b443a3dfb329c48fe3bd8c844643007a6097f6c31917a47961cee,0,2026-08-03T19:00:27Z,2026-08-03T19:00:27Z,2026-08-03T19:00:28Z,2026-08-03T19:00:28Z,2026-08-03T19:00:28.384189189Z,2026-08-03T19:00:29.9657475Z,0.3130261,0,1,0,1.3434018,3.2559768,33.8235000000004,0.3175651,1.3175651,2026-08-03T19:00:26.8270814Z
cached-main-1to3-rep08-20260804-000056,3,2,benchmark-app-6f64dbf585-2xd86,4273b194-cf2e-44d5-b653-d558bbd8d475,anfa-dev-worker,docker.io/anfa/benchmark-app@sha256:0fd880c5401b443a3dfb329c48fe3bd8c844643007a6097f6c31917a47961cee,0,2026-08-03T19:01:15Z,2026-08-03T19:01:15Z,2026-08-03T19:01:16Z,2026-08-03T19:01:16Z,2026-08-03T19:01:16.851383237Z,2026-08-03T19:01:18.3937289Z,0.3668913,0,1,0,1.8270862,2.7206927,74.3155000000002,-0.6332837,0.3667163,2026-08-03T19:01:15.7848753Z
cached-main-1to3-rep08-20260804-000056,3,2,benchmark-app-6f64dbf585-wqh5r,6db7b23d-9e75-442d-8047-0dff86813f0f,anfa-dev-worker,docker.io/anfa/benchmark-app@sha256:0fd880c5401b443a3dfb329c48fe3bd8c844643007a6097f6c31917a47961cee,0,2026-08-03T19:01:15Z,2026-08-03T19:01:15Z,2026-08-03T19:01:16Z,2026-08-03T19:01:16Z,2026-08-03T19:01:16.779634552Z,2026-08-03T19:01:18.7504091Z,0.3694247,0,1,0,1.4752883,3.0815203,39.5967999999998,-0.6332837,0.3667163,2026-08-03T19:01:15.7848753Z
cached-main-1to3-rep09-20260804-000256,3,2,benchmark-app-6f64dbf585-hx28d,2fd86bcd-6753-446f-866c-237b8a092ec6,anfa-dev-worker,docker.io/anfa/benchmark-app@sha256:0fd880c5401b443a3dfb329c48fe3bd8c844643007a6097f6c31917a47961cee,0,2026-08-03T19:03:15Z,2026-08-03T19:03:15Z,2026-08-03T19:03:16Z,2026-08-03T19:03:17Z,2026-08-03T19:03:16.771936844Z,2026-08-03T19:03:20.2594322Z,0.4157481,0,1,1,2.2551757,5.1589155,32.7703000000001,-0.0715202,1.9284798,2026-08-03T19:03:15.2277491Z
cached-main-1to3-rep09-20260804-000256,3,2,benchmark-app-6f64dbf585-tz5vr,c0aa8592-aeb2-49fd-a01d-57d2ae1403f0,anfa-dev-worker,docker.io/anfa/benchmark-app@sha256:0fd880c5401b443a3dfb329c48fe3bd8c844643007a6097f6c31917a47961cee,0,2026-08-03T19:03:15Z,2026-08-03T19:03:15Z,2026-08-03T19:03:16Z,2026-08-03T19:03:17Z,2026-08-03T19:03:16.915283816Z,2026-08-03T19:03:19.5559139Z,0.4182782,0,1,1,2.25725,4.4488749,44.8635999999997,-0.0715202,1.9284798,2026-08-03T19:03:15.2277491Z
cached-main-1to3-rep10-20260804-000346,3,2,benchmark-app-6f64dbf585-65twg,5d798a4b-51e9-4e1b-8d6c-283df1f62d7e,anfa-dev-worker,docker.io/anfa/benchmark-app@sha256:0fd880c5401b443a3dfb329c48fe3bd8c844643007a6097f6c31917a47961cee,0,2026-08-03T19:04:06Z,2026-08-03T19:04:06Z,2026-08-03T19:04:07Z,2026-08-03T19:04:07Z,2026-08-03T19:04:07.619874395Z,2026-08-03T19:04:08.7030308Z,0.4799025,0,1,0,1.5150717,3.0603154,55.2433999999998,0.3988049,1.3988049,2026-08-03T19:04:05.7910834Z
cached-main-1to3-rep10-20260804-000346,3,2,benchmark-app-6f64dbf585-ksr65,ebf2652c-b1f8-442d-9395-d6b001823286,anfa-dev-worker,docker.io/anfa/benchmark-app@sha256:0fd880c5401b443a3dfb329c48fe3bd8c844643007a6097f6c31917a47961cee,0,2026-08-03T19:04:06Z,2026-08-03T19:04:06Z,2026-08-03T19:04:07Z,2026-08-03T19:04:08Z,2026-08-03T19:04:07.640838674Z,2026-08-03T19:04:10.8523864Z,0.4862243,0,1,1,2.2703922,5.2187724,36.6812,0.3988049,2.3988049,2026-08-03T19:04:05.7910834Z
cached-main-1to4-rep01-20260803-235259,4,3,benchmark-app-6f64dbf585-m26fc,36a5165a-ce96-40d8-9e3b-fffcb2d65ae2,anfa-dev-worker2,docker.io/anfa/benchmark-app@sha256:0fd880c5401b443a3dfb329c48fe3bd8c844643007a6097f6c31917a47961cee,0,2026-08-03T18:53:08Z,2026-08-03T18:53:08Z,2026-08-03T18:53:09Z,2026-08-03T18:53:10Z,2026-08-03T18:53:09.943255963Z,2026-08-03T18:53:14.5751467Z,0.4459634,0,1,1,2.20168,6.5142325,42.4281999999994,-0.0316792,1.9683208,2026-08-03T18:53:08.1969834Z
cached-main-1to4-rep01-20260803-235259,4,3,benchmark-app-6f64dbf585-f8f6l,691b3766-d0a6-4fab-9708-3c9b4fa6b70c,anfa-dev-worker,docker.io/anfa/benchmark-app@sha256:0fd880c5401b443a3dfb329c48fe3bd8c844643007a6097f6c31917a47961cee,0,2026-08-03T18:53:08Z,2026-08-03T18:53:08Z,2026-08-03T18:53:09Z,2026-08-03T18:53:09Z,2026-08-03T18:53:09.830982612Z,2026-08-03T18:53:10.9763774Z,0.4398675,0,1,0,1.8598856,2.9131239,36.2219999999998,-0.0316792,0.9683208,2026-08-03T18:53:08.1969834Z
cached-main-1to4-rep01-20260803-235259,4,3,benchmark-app-6f64dbf585-fzsj6,77d6a96b-14ac-4568-bd28-2ea53881730f,anfa-dev-worker,docker.io/anfa/benchmark-app@sha256:0fd880c5401b443a3dfb329c48fe3bd8c844643007a6097f6c31917a47961cee,0,2026-08-03T18:53:08Z,2026-08-03T18:53:08Z,2026-08-03T18:53:09Z,2026-08-03T18:53:09Z,2026-08-03T18:53:09.679552716Z,2026-08-03T18:53:11.3431097Z,0.4433627,0,1,0,1.8614163,3.2783734,35.1410999999998,-0.0316792,0.9683208,2026-08-03T18:53:08.1969834Z
cached-main-1to4-rep02-20260803-235402,4,3,benchmark-app-6f64dbf585-xgdss,007403f6-5c70-4ece-8ca0-b60240fcf8ba,anfa-dev-worker,docker.io/anfa/benchmark-app@sha256:0fd880c5401b443a3dfb329c48fe3bd8c844643007a6097f6c31917a47961cee,0,2026-08-03T18:54:22Z,2026-08-03T18:54:22Z,2026-08-03T18:54:23Z,2026-08-03T18:54:23Z,2026-08-03T18:54:23.100772729Z,2026-08-03T18:54:24.7077208Z,0.4134733,0,1,0,1.7312608,2.8504211,30.3523,0.1714702,1.1714702,2026-08-03T18:54:21.9932728Z
cached-main-1to4-rep02-20260803-235402,4,3,benchmark-app-6f64dbf585-cng9z,a2af7d91-ee5c-4734-b318-69bc1ee3c967,anfa-dev-worker,docker.io/anfa/benchmark-app@sha256:0fd880c5401b443a3dfb329c48fe3bd8c844643007a6097f6c31917a47961cee,0,2026-08-03T18:54:22Z,2026-08-03T18:54:22Z,2026-08-03T18:54:23Z,2026-08-03T18:54:24Z,2026-08-03T18:54:23.239292404Z,2026-08-03T18:54:25.0324948Z,0.4099335,0,1,1,2.8160444,3.1800993,29.8088000000002,0.1714702,2.1714702,2026-08-03T18:54:21.9932728Z
cached-main-1to4-rep02-20260803-235402,4,3,benchmark-app-6f64dbf585-jsltx,e4771714-e2e4-4f77-a500-da2faf29e9e3,anfa-dev-worker2,docker.io/anfa/benchmark-app@sha256:0fd880c5401b443a3dfb329c48fe3bd8c844643007a6097f6c31917a47961cee,0,2026-08-03T18:54:22Z,2026-08-03T18:54:22Z,2026-08-03T18:54:23Z,2026-08-03T18:54:23Z,2026-08-03T18:54:23.221655263Z,2026-08-03T18:54:25.3953569Z,0.4119582,0,1,0,1.7291149,3.5381525,36.0889000000002,0.1714702,1.1714702,2026-08-03T18:54:21.9932728Z
cached-main-1to4-rep03-20260803-235450,4,3,benchmark-app-6f64dbf585-bthss,0875f059-ac6a-452e-a96f-05591b5706ee,anfa-dev-worker,docker.io/anfa/benchmark-app@sha256:0fd880c5401b443a3dfb329c48fe3bd8c844643007a6097f6c31917a47961cee,0,2026-08-03T18:55:07Z,2026-08-03T18:55:07Z,2026-08-03T18:55:10Z,2026-08-03T18:55:10Z,2026-08-03T18:55:10.475188637Z,2026-08-03T18:55:14.2603891Z,0.4150433,0,3,0,2.1652379,6.0738082,35.5446000000002,-1.1476762,1.8523238,2026-08-03T18:55:08.3121773Z
cached-main-1to4-rep03-20260803-235450,4,3,benchmark-app-6f64dbf585-4nhm9,9b30c143-a149-4577-bdb2-a4268c58061c,anfa-dev-worker2,docker.io/anfa/benchmark-app@sha256:0fd880c5401b443a3dfb329c48fe3bd8c844643007a6097f6c31917a47961cee,0,2026-08-03T18:55:07Z,2026-08-03T18:55:07Z,2026-08-03T18:55:10Z,2026-08-03T18:55:11Z,2026-08-03T18:55:10.364800845Z,2026-08-03T18:55:11.0696942Z,0.4121555,0,3,1,2.8031288,2.8752511,67.9854999999998,-1.1476762,2.8523238,2026-08-03T18:55:08.3121773Z
cached-main-1to4-rep03-20260803-235450,4,3,benchmark-app-6f64dbf585-rwpn9,fcd186be-86d7-40c7-8a8d-81d9ac768922,anfa-dev-worker,docker.io/anfa/benchmark-app@sha256:0fd880c5401b443a3dfb329c48fe3bd8c844643007a6097f6c31917a47961cee,0,2026-08-03T18:55:07Z,2026-08-03T18:55:07Z,2026-08-03T18:55:10Z,2026-08-03T18:55:11Z,2026-08-03T18:55:10.60567404Z,2026-08-03T18:55:15.0072759Z,0.4178503,0,3,1,2.8066678,6.8293061,32.5974000000006,-1.1476762,2.8523238,2026-08-03T18:55:08.3121773Z
cached-main-1to4-rep04-20260803-235652,4,3,benchmark-app-6f64dbf585-xl5w6,74646b0f-642d-4994-a6c0-4d0e715e4e0f,anfa-dev-worker,docker.io/anfa/benchmark-app@sha256:0fd880c5401b443a3dfb329c48fe3bd8c844643007a6097f6c31917a47961cee,0,2026-08-03T18:57:10Z,2026-08-03T18:57:10Z,2026-08-03T18:57:11Z,2026-08-03T18:57:12Z,2026-08-03T18:57:11.656164317Z,2026-08-03T18:57:13.6034634Z,0.3614069,0,1,1,2.5959072,2.6254476,29.3291999999997,-0.952963,1.047037,2026-08-03T18:57:11.1038952Z
cached-main-1to4-rep04-20260803-235652,4,3,benchmark-app-6f64dbf585-f7jxn,d1b9a8c8-9f50-466d-9c52-79ec18cd8854,anfa-dev-worker2,docker.io/anfa/benchmark-app@sha256:0fd880c5401b443a3dfb329c48fe3bd8c844643007a6097f6c31917a47961cee,0,2026-08-03T18:57:10Z,2026-08-03T18:57:10Z,2026-08-03T18:57:11Z,2026-08-03T18:57:11Z,2026-08-03T18:57:11.736333054Z,2026-08-03T18:57:13.9283836Z,0.3595142,0,1,0,1.6033237,2.9527694,33.8559999999998,-0.952963,0.047037,2026-08-03T18:57:11.1038952Z
cached-main-1to4-rep04-20260803-235652,4,3,benchmark-app-6f64dbf585-bsqng,e8ba77fd-58b4-42a0-9f68-849ffc1d367a,anfa-dev-worker,docker.io/anfa/benchmark-app@sha256:0fd880c5401b443a3dfb329c48fe3bd8c844643007a6097f6c31917a47961cee,0,2026-08-03T18:57:10Z,2026-08-03T18:57:10Z,2026-08-03T18:57:11Z,2026-08-03T18:57:11Z,2026-08-03T18:57:11.741762865Z,2026-08-03T18:57:14.9631959Z,0.3576445,0,1,0,1.6017641,3.9841569,34.0399000000002,-0.952963,0.047037,2026-08-03T18:57:11.1038952Z
cached-main-1to4-rep05-20260803-235741,4,3,benchmark-app-6f64dbf585-bxkx6,b0d7c6ee-f956-4565-97f1-e9f70cd6deca,anfa-dev-worker2,docker.io/anfa/benchmark-app@sha256:0fd880c5401b443a3dfb329c48fe3bd8c844643007a6097f6c31917a47961cee,0,2026-08-03T18:58:00Z,2026-08-03T18:58:00Z,2026-08-03T18:58:01Z,2026-08-03T18:58:01Z,2026-08-03T18:58:01.888466655Z,2026-08-03T18:58:03.6157638Z,0.3390903,0,1,0,1.7706863,3.1639858,28.1878999999999,-0.4232374,0.5767626,2026-08-03T18:58:00.5670171Z
cached-main-1to4-rep05-20260803-235741,4,3,benchmark-app-6f64dbf585-db8r7,b799eb73-8a93-431d-b7fc-7d97717299b1,anfa-dev-worker,docker.io/anfa/benchmark-app@sha256:0fd880c5401b443a3dfb329c48fe3bd8c844643007a6097f6c31917a47961cee,0,2026-08-03T18:58:00Z,2026-08-03T18:58:00Z,2026-08-03T18:58:01Z,2026-08-03T18:58:01Z,2026-08-03T18:58:01.943267386Z,2026-08-03T18:58:03.9343829Z,0.3415389,0,1,0,1.7724454,3.4842005,31.0264000000002,-0.4232374,0.5767626,2026-08-03T18:58:00.5670171Z
cached-main-1to4-rep05-20260803-235741,4,3,benchmark-app-6f64dbf585-rll94,b970bf02-9e8f-419a-b6e3-c1f2324670f2,anfa-dev-worker,docker.io/anfa/benchmark-app@sha256:0fd880c5401b443a3dfb329c48fe3bd8c844643007a6097f6c31917a47961cee,0,2026-08-03T18:58:00Z,2026-08-03T18:58:00Z,2026-08-03T18:58:01Z,2026-08-03T18:58:01Z,2026-08-03T18:58:01.940511462Z,2026-08-03T18:58:05.5125932Z,0.3435692,0,1,0,1.7740618,5.0566827,37.4751999999999,-0.4232374,0.5767626,2026-08-03T18:58:00.5670171Z
cached-main-1to4-rep06-20260803-235832,4,3,benchmark-app-6f64dbf585-whd49,147b5171-84f0-45ab-8ce0-b1e70fd7aed2,anfa-dev-worker,docker.io/anfa/benchmark-app@sha256:0fd880c5401b443a3dfb329c48fe3bd8c844643007a6097f6c31917a47961cee,0,2026-08-03T18:58:51Z,2026-08-03T18:58:51Z,2026-08-03T18:58:52Z,2026-08-03T18:58:52Z,2026-08-03T18:58:52.481472238Z,2026-08-03T18:58:53.6985202Z,0.4962914,0,1,0,1.6846388,3.2316239,34.7217999999998,0.5642873,1.5642873,2026-08-03T18:58:50.6204327Z
cached-main-1to4-rep06-20260803-235832,4,3,benchmark-app-6f64dbf585-zx6v9,be16c46f-3400-4535-9886-04dce707c8f4,anfa-dev-worker2,docker.io/anfa/benchmark-app@sha256:0fd880c5401b443a3dfb329c48fe3bd8c844643007a6097f6c31917a47961cee,0,2026-08-03T18:58:51Z,2026-08-03T18:58:51Z,2026-08-03T18:58:52Z,2026-08-03T18:58:53Z,2026-08-03T18:58:52.562871646Z,2026-08-03T18:58:54.0626894Z,0.4981553,0,1,1,2.4613789,3.6001686,33.8889999999997,0.5642873,2.5642873,2026-08-03T18:58:50.6204327Z
cached-main-1to4-rep06-20260803-235832,4,3,benchmark-app-6f64dbf585-s6ql2,fd0bc62d-7a6e-4829-aec8-6a875627db77,anfa-dev-worker,docker.io/anfa/benchmark-app@sha256:0fd880c5401b443a3dfb329c48fe3bd8c844643007a6097f6c31917a47961cee,0,2026-08-03T18:58:51Z,2026-08-03T18:58:51Z,2026-08-03T18:58:52Z,2026-08-03T18:58:52Z,2026-08-03T18:58:52.526520431Z,2026-08-03T18:58:53.3205517Z,0.4931842,0,1,0,2.0841259,2.8469934,42.7719000000002,0.5642873,1.5642873,2026-08-03T18:58:50.6204327Z
cached-main-1to4-rep07-20260804-000031,4,3,benchmark-app-6f64dbf585-h7v7p,016cfbdb-2b59-4f10-a12d-ba71ba65e792,anfa-dev-worker,docker.io/anfa/benchmark-app@sha256:0fd880c5401b443a3dfb329c48fe3bd8c844643007a6097f6c31917a47961cee,0,2026-08-03T19:00:49Z,2026-08-03T19:00:49Z,2026-08-03T19:00:50Z,2026-08-03T19:00:50Z,2026-08-03T19:00:50.63917768Z,2026-08-03T19:00:54.3434046Z,0.3597994,0,1,0,1.6173257,4.3367784,36.6607000000004,-0.9734417,0.0265583,2026-08-03T19:00:50.1133214Z
cached-main-1to4-rep07-20260804-000031,4,3,benchmark-app-6f64dbf585-5nth9,2a71f3b7-2fac-45a4-83ec-9658511e7b4f,anfa-dev-worker,docker.io/anfa/benchmark-app@sha256:0fd880c5401b443a3dfb329c48fe3bd8c844643007a6097f6c31917a47961cee,0,2026-08-03T19:00:49Z,2026-08-03T19:00:49Z,2026-08-03T19:00:50Z,2026-08-03T19:00:51Z,2026-08-03T19:00:50.753607935Z,2026-08-03T19:00:52.6842687Z,0.357122,0,1,1,2.2954941,2.6861872,34.181,-0.9734417,1.0265583,2026-08-03T19:00:50.1133214Z
cached-main-1to4-rep07-20260804-000031,4,3,benchmark-app-6f64dbf585-p7kj7,c03b7108-0fbc-4375-8dc6-a5e0ee642f78,anfa-dev-worker2,docker.io/anfa/benchmark-app@sha256:0fd880c5401b443a3dfb329c48fe3bd8c844643007a6097f6c31917a47961cee,0,2026-08-03T19:00:49Z,2026-08-03T19:00:49Z,2026-08-03T19:00:50Z,2026-08-03T19:00:50Z,2026-08-03T19:00:50.763579515Z,2026-08-03T19:00:53.6701849Z,0.3609208,0,1,0,1.618936,3.6678965,33.7626,-0.9734417,0.0265583,2026-08-03T19:00:50.1133214Z
cached-main-1to4-rep08-20260804-000120,4,3,benchmark-app-6f64dbf585-8nxhg,2898c1c5-f74b-4658-900a-28f6b7c1cc67,anfa-dev-worker,docker.io/anfa/benchmark-app@sha256:0fd880c5401b443a3dfb329c48fe3bd8c844643007a6097f6c31917a47961cee,0,2026-08-03T19:01:39Z,2026-08-03T19:01:39Z,2026-08-03T19:01:40Z,2026-08-03T19:01:40Z,2026-08-03T19:01:40.734556585Z,2026-08-03T19:01:43.3296929Z,0.334378,0,1,0,1.6367257,3.9934978,29.7289999999998,-0.3103179,0.6896821,2026-08-03T19:01:39.4478990Z
cached-main-1to4-rep08-20260804-000120,4,3,benchmark-app-6f64dbf585-r5g6m,868641a5-7acb-4de2-84d1-ee44c6cdd74a,anfa-dev-worker2,docker.io/anfa/benchmark-app@sha256:0fd880c5401b443a3dfb329c48fe3bd8c844643007a6097f6c31917a47961cee,0,2026-08-03T19:01:39Z,2026-08-03T19:01:39Z,2026-08-03T19:01:40Z,2026-08-03T19:01:40Z,2026-08-03T19:01:40.700761724Z,2026-08-03T19:01:42.0383048Z,0.336287,0,1,0,1.6385715,2.7005605,30.3226,-0.3103179,0.6896821,2026-08-03T19:01:39.4478990Z
cached-main-1to4-rep08-20260804-000120,4,3,benchmark-app-6f64dbf585-x5252,d74eacfd-db0e-48b2-8b91-bc876f3052c2,anfa-dev-worker,docker.io/anfa/benchmark-app@sha256:0fd880c5401b443a3dfb329c48fe3bd8c844643007a6097f6c31917a47961cee,0,2026-08-03T19:01:39Z,2026-08-03T19:01:39Z,2026-08-03T19:01:40Z,2026-08-03T19:01:40Z,2026-08-03T19:01:40.714986375Z,2026-08-03T19:01:42.6995833Z,0.337808,0,1,0,1.6404248,3.3617236,30.0864000000001,-0.3103179,0.6896821,2026-08-03T19:01:39.4478990Z
cached-main-1to4-rep09-20260804-000207,4,3,benchmark-app-6f64dbf585-9d226,170f032f-98c4-4293-91a0-06ff3856c79f,anfa-dev-worker2,docker.io/anfa/benchmark-app@sha256:0fd880c5401b443a3dfb329c48fe3bd8c844643007a6097f6c31917a47961cee,0,2026-08-03T19:02:26Z,2026-08-03T19:02:26Z,2026-08-03T19:02:27Z,2026-08-03T19:02:27Z,2026-08-03T19:02:27.21186Z,2026-08-03T19:02:29.7713117Z,0.3364494,0,1,0,1.4742372,3.1470806,28.8415,-0.5958064,0.4041936,2026-08-03T19:02:26.7236738Z
cached-main-1to4-rep09-20260804-000207,4,3,benchmark-app-6f64dbf585-6vzvm,45f532d2-88cf-4ba5-8f88-985bd5b5eb45,anfa-dev-worker,docker.io/anfa/benchmark-app@sha256:0fd880c5401b443a3dfb329c48fe3bd8c844643007a6097f6c31917a47961cee,0,2026-08-03T19:02:26Z,2026-08-03T19:02:26Z,2026-08-03T19:02:27Z,2026-08-03T19:02:27Z,2026-08-03T19:02:27.172089772Z,2026-08-03T19:02:31.4543485Z,0.3342025,0,1,0,1.4682498,4.8361551,27.3383999999996,-0.5958064,0.4041936,2026-08-03T19:02:26.7236738Z
cached-main-1to4-rep09-20260804-000207,4,3,benchmark-app-6f64dbf585-j28bd,fbb287cf-8554-4176-b56b-66f7785345fa,anfa-dev-worker,docker.io/anfa/benchmark-app@sha256:0fd880c5401b443a3dfb329c48fe3bd8c844643007a6097f6c31917a47961cee,0,2026-08-03T19:02:26Z,2026-08-03T19:02:26Z,2026-08-03T19:02:27Z,2026-08-03T19:02:27Z,2026-08-03T19:02:27.164355514Z,2026-08-03T19:02:29.4350407Z,0.3382088,0,1,0,1.4758499,2.8082685,37.5288,-0.5958064,0.4041936,2026-08-03T19:02:26.7236738Z
cached-main-1to4-rep10-20260804-000413,4,3,benchmark-app-6f64dbf585-v95xc,2c1112cb-21c9-4578-ba77-6ae4bd101ffc,anfa-dev-worker,docker.io/anfa/benchmark-app@sha256:0fd880c5401b443a3dfb329c48fe3bd8c844643007a6097f6c31917a47961cee,0,2026-08-03T19:04:31Z,2026-08-03T19:04:31Z,2026-08-03T19:04:32Z,2026-08-03T19:04:32Z,2026-08-03T19:04:32.664140427Z,2026-08-03T19:04:35.7933130Z,0.4462302,0,1,0,2.0864953,4.2108001,37.6010000000006,-0.5523454,0.4476546,2026-08-03T19:04:31.7181815Z
cached-main-1to4-rep10-20260804-000413,4,3,benchmark-app-6f64dbf585-46lvb,6abe5014-e091-4025-a8ea-b94f2c43043f,anfa-dev-worker2,docker.io/anfa/benchmark-app@sha256:0fd880c5401b443a3dfb329c48fe3bd8c844643007a6097f6c31917a47961cee,0,2026-08-03T19:04:31Z,2026-08-03T19:04:31Z,2026-08-03T19:04:32Z,2026-08-03T19:04:32Z,2026-08-03T19:04:32.68882508Z,2026-08-03T19:04:35.3905554Z,0.4420353,0,1,0,2.0825066,3.8001718,48.3462999999997,-0.5523454,0.4476546,2026-08-03T19:04:31.7181815Z
cached-main-1to4-rep10-20260804-000413,4,3,benchmark-app-6f64dbf585-6hzzg,ee8da550-0295-43da-a816-e7d90f957a59,anfa-dev-worker,docker.io/anfa/benchmark-app@sha256:0fd880c5401b443a3dfb329c48fe3bd8c844643007a6097f6c31917a47961cee,0,2026-08-03T19:04:31Z,2026-08-03T19:04:31Z,2026-08-03T19:04:32Z,2026-08-03T19:04:32Z,2026-08-03T19:04:32.58670159Z,2026-08-03T19:04:34.9818034Z,0.4446265,0,1,0,2.0845279,3.3947874,41.4177,-0.5523454,0.4476546,2026-08-03T19:04:31.7181815Z
