baseline_replicas,cache_treatment,controller_decision_utc,decision_delay_ms,deployment_update_from_forecast_ms,directory,forecast_available_utc,increment,new_pod_count,poll_milliseconds,probe_attempts,repetition,run_id,scale_api_roundtrip_ms,scale_request_ack_utc,scale_request_sent_utc,schema_version,target_replicas,timeout_seconds,trial_effective_serving_delay_s,trial_readiness_delay_s,valid
1,cached-main,2026-08-03T18:52:40.9888467Z,3.2751,169.4541,step6\runs\cached-main-1to2-rep01-20260803-235234,2026-08-03T18:52:40.9855716Z,1,1,100,7,1,cached-main-1to2-rep01-20260803-235234,165.479,2026-08-03T18:52:41.1550257Z,2026-08-03T18:52:40.9894023Z,1,2,60,2.6602469,1.6068044,True
1,cached-main,2026-08-03T18:54:45.2915031Z,0,160.7153,step6\runs\cached-main-1to2-rep02-20260803-235427,2026-08-03T18:54:45.2915031Z,1,1,100,8,2,cached-main-1to2-rep02-20260803-235427,160.32680000000002,2026-08-03T18:54:45.4522184Z,2026-08-03T18:54:45.2921056Z,1,2,180,3.0526792,1.4438837,True
1,cached-main,2026-08-03T18:55:35.8411399Z,0.5673,151.28830000000002,step6\runs\cached-main-1to2-rep03-20260803-235516,2026-08-03T18:55:35.8405726Z,1,1,100,7,3,cached-main-1to2-rep03-20260803-235516,150.8797,2026-08-03T18:55:35.9918609Z,2026-08-03T18:55:35.8411399Z,1,2,180,3.2417524,1.7167461000000002,True
1,cached-main,2026-08-03T18:56:22.0719509Z,0,141.0298,step6\runs\cached-main-1to2-rep04-20260803-235603,2026-08-03T18:56:22.0719509Z,1,1,100,8,4,cached-main-1to2-rep04-20260803-235603,139.9687,2026-08-03T18:56:22.2129807Z,2026-08-03T18:56:22.0729526Z,1,2,180,2.6312036,1.3088411000000002,True
1,cached-main,2026-08-03T18:58:27.0662174Z,0,161.5874,step6\runs\cached-main-1to2-rep05-20260803-235807,2026-08-03T18:58:27.0662174Z,1,1,100,7,5,cached-main-1to2-rep05-20260803-235807,161.0996,2026-08-03T18:58:27.2278048Z,2026-08-03T18:58:27.0667884Z,1,2,180,2.6259564,1.5675159,True
1,cached-main,2026-08-03T18:59:14.5045832Z,1.512,266.4762,step6\runs\cached-main-1to2-rep06-20260803-235855,2026-08-03T18:59:14.5030712Z,1,1,100,8,6,cached-main-1to2-rep06-20260803-235855,264.8653,2026-08-03T18:59:14.7695474Z,2026-08-03T18:59:14.5045832Z,1,2,180,2.8496664000000003,2.1762743,True
1,cached-main,2026-08-03T19:00:02.8776511Z,0.5760000000000001,141.101,step6\runs\cached-main-1to2-rep07-20260803-235944,2026-08-03T19:00:02.8770751Z,1,1,100,10,7,cached-main-1to2-rep07-20260803-235944,140.25230000000002,2026-08-03T19:00:03.0181761Z,2026-08-03T19:00:02.8776511Z,1,2,180,3.2475364,1.3895279,True
1,cached-main,2026-08-03T19:02:03.5351859Z,0,122.00290000000001,step6\runs\cached-main-1to2-rep08-20260804-000145,2026-08-03T19:02:03.5351859Z,1,1,100,8,8,cached-main-1to2-rep08-20260804-000145,121.59,2026-08-03T19:02:03.6571888Z,2026-08-03T19:02:03.5357404Z,1,2,180,2.386673,1.2183302,True
1,cached-main,2026-08-03T19:02:51.8988110Z,0.5596,146.01760000000002,step6\runs\cached-main-1to2-rep09-20260804-000233,2026-08-03T19:02:51.8982514Z,1,1,100,8,9,cached-main-1to2-rep09-20260804-000233,145.4401,2026-08-03T19:02:52.0442690Z,2026-08-03T19:02:51.8988110Z,1,2,180,2.6050499,1.3514244000000002,True
1,cached-main,2026-08-03T19:03:41.6206488Z,0,212.3025,step6\runs\cached-main-1to2-rep10-20260804-000322,2026-08-03T19:03:41.6206488Z,1,1,100,7,10,cached-main-1to2-rep10-20260804-000322,213.3349,2026-08-03T19:03:41.8329513Z,2026-08-03T19:03:41.6212280Z,1,2,180,3.1289273000000004,2.2911240000000004,True
1,cached-main,2026-08-03T18:52:54.1308021Z,0,201.16510000000002,step6\runs\cached-main-1to3-rep01-20260803-235245,2026-08-03T18:52:54.1308021Z,2,2,100,9,1,cached-main-1to3-rep01-20260803-235245,200.7971,2026-08-03T18:52:54.3319672Z,2026-08-03T18:52:54.1313571Z,1,3,60,3.8620706,2.1208331000000005,True
1,cached-main,2026-08-03T18:53:58.2370326Z,3.0311000000000003,146.1291,step6\runs\cached-main-1to3-rep02-20260803-235341,2026-08-03T18:53:58.2340015Z,2,2,100,8,2,cached-main-1to3-rep02-20260803-235341,141.8735,2026-08-03T18:53:58.3801306Z,2026-08-03T18:53:58.2370326Z,1,3,180,2.9430080000000003,1.9092817,True
1,cached-main,2026-08-03T18:55:58.6505416Z,0,144.78650000000002,step6\runs\cached-main-1to3-rep03-20260803-235540,2026-08-03T18:55:58.6505416Z,2,2,100,10,3,cached-main-1to3-rep03-20260803-235540,144.4105,2026-08-03T18:55:58.7953281Z,2026-08-03T18:55:58.6505416Z,1,3,180,3.4531063000000004,1.5190905000000001,True
1,cached-main,2026-08-03T18:56:44.8684054Z,0.5735,160.7422,step6\runs\cached-main-1to3-rep04-20260803-235626,2026-08-03T18:56:44.8678319Z,2,2,100,16,4,cached-main-1to3-rep04-20260803-235626,160.244,2026-08-03T18:56:45.0285741Z,2026-08-03T18:56:44.8684054Z,1,3,180,5.7150651,1.6514332000000003,True
1,cached-main,2026-08-03T18:57:35.5631676Z,0,150.0763,step6\runs\cached-main-1to3-rep05-20260803-235716,2026-08-03T18:57:35.5631676Z,2,2,100,10,5,cached-main-1to3-rep05-20260803-235716,149.2786,2026-08-03T18:57:35.7132439Z,2026-08-03T18:57:35.5641554Z,1,3,180,4.1321693999999995,2.2145766000000005,True
1,cached-main,2026-08-03T18:59:37.4168739Z,0,163.6679,step6\runs\cached-main-1to3-rep06-20260803-235919,2026-08-03T18:59:37.4168739Z,2,2,100,14,6,cached-main-1to3-rep06-20260803-235919,162.5646,2026-08-03T18:59:37.5805418Z,2026-08-03T18:59:37.4168739Z,1,3,180,5.1144051,1.6782451,True
1,cached-main,2026-08-03T19:00:26.6824349Z,0.5529000000000001,144.6364,step6\runs\cached-main-1to3-rep07-20260804-000008,2026-08-03T19:00:26.6818820Z,2,2,100,10,7,cached-main-1to3-rep07-20260804-000008,144.0646,2026-08-03T19:00:26.8265184Z,2026-08-03T19:00:26.6824349Z,1,3,180,3.2559768000000004,1.3454483,True
1,cached-main,2026-08-03T19:01:15.6332837Z,0.5875,151.65290000000002,step6\runs\cached-main-1to3-rep08-20260804-000056,2026-08-03T19:01:15.6326962Z,2,2,100,7,8,cached-main-1to3-rep08-20260804-000056,151.2973,2026-08-03T19:01:15.7843491Z,2026-08-03T19:01:15.6332837Z,1,3,180,3.0815203,1.8270862,True
1,cached-main,2026-08-03T19:03:15.0715202Z,0.5729000000000001,156.2187,step6\runs\cached-main-1to3-rep09-20260804-000256,2026-08-03T19:03:15.0709473Z,2,2,100,12,9,cached-main-1to3-rep09-20260804-000256,155.9635,2026-08-03T19:03:15.2271660Z,2026-08-03T19:03:15.0715202Z,1,3,180,5.1589155,2.25725,True
1,cached-main,2026-08-03T19:04:05.6011951Z,0,189.88830000000002,step6\runs\cached-main-1to3-rep10-20260804-000346,2026-08-03T19:04:05.6011951Z,2,2,100,13,10,cached-main-1to3-rep10-20260804-000346,188.6968,2026-08-03T19:04:05.7910834Z,2026-08-03T19:04:05.6011951Z,1,3,180,5.2187724,2.2703922000000003,True
1,cached-main,2026-08-03T18:53:08.0312983Z,1.1236000000000002,165.6705,step6\runs\cached-main-1to4-rep01-20260803-235259,2026-08-03T18:53:08.0301747Z,3,3,100,17,1,cached-main-1to4-rep01-20260803-235259,164.7431,2026-08-03T18:53:08.1958452Z,2026-08-03T18:53:08.0316792Z,1,4,60,6.5142325,2.20168,True
1,cached-main,2026-08-03T18:54:21.8285298Z,0,164.16660000000002,step6\runs\cached-main-1to4-rep02-20260803-235402,2026-08-03T18:54:21.8285298Z,3,3,100,9,2,cached-main-1to4-rep02-20260803-235402,163.9486,2026-08-03T18:54:21.9926964Z,2026-08-03T18:54:21.8285298Z,1,4,180,3.5381525000000003,2.8160444,True
1,cached-main,2026-08-03T18:55:08.1476762Z,0,163.9262,step6\runs\cached-main-1to4-rep03-20260803-235450,2026-08-03T18:55:08.1476762Z,3,3,100,15,3,cached-main-1to4-rep03-20260803-235450,163.91910000000001,2026-08-03T18:55:08.3116024Z,2026-08-03T18:55:08.1476762Z,1,4,180,6.829306100000001,2.8066678,True
1,cached-main,2026-08-03T18:57:10.9529630Z,0,148.62890000000002,step6\runs\cached-main-1to4-rep04-20260803-235652,2026-08-03T18:57:10.9529630Z,3,3,100,11,4,cached-main-1to4-rep04-20260803-235652,147.7906,2026-08-03T18:57:11.1015919Z,2026-08-03T18:57:10.9529630Z,1,4,180,3.9841569000000003,2.5959072,True
1,cached-main,2026-08-03T18:58:00.4226870Z,3.3494,147.1286,step6\runs\cached-main-1to4-rep05-20260803-235741,2026-08-03T18:58:00.4193376Z,3,3,100,13,5,cached-main-1to4-rep05-20260803-235741,143.3402,2026-08-03T18:58:00.5664662Z,2026-08-03T18:58:00.4232374Z,1,4,180,5.0566827000000005,1.7740618000000001,True
1,cached-main,2026-08-03T18:58:50.4357127Z,0.384,184.5654,step6\runs\cached-main-1to4-rep06-20260803-235832,2026-08-03T18:58:50.4353287Z,3,3,100,8,6,cached-main-1to4-rep06-20260803-235832,184.4383,2026-08-03T18:58:50.6198941Z,2026-08-03T18:58:50.4357127Z,1,4,180,3.6001686,2.4613789,True
1,cached-main,2026-08-03T19:00:49.9734417Z,0,139.2637,step6\runs\cached-main-1to4-rep07-20260804-000031,2026-08-03T19:00:49.9734417Z,3,3,100,12,7,cached-main-1to4-rep07-20260804-000031,139.2684,2026-08-03T19:00:50.1127054Z,2026-08-03T19:00:49.9734417Z,1,4,180,4.3367784,2.2954941,True
1,cached-main,2026-08-03T19:01:39.3103179Z,0.5366000000000001,138.1177,step6\runs\cached-main-1to4-rep08-20260804-000120,2026-08-03T19:01:39.3097813Z,3,3,100,11,8,cached-main-1to4-rep08-20260804-000120,137.3437,2026-08-03T19:01:39.4478990Z,2026-08-03T19:01:39.3103179Z,1,4,180,3.9934978,1.6404248,True
1,cached-main,2026-08-03T19:02:26.5958064Z,0,127.2992,step6\runs\cached-main-1to4-rep09-20260804-000207,2026-08-03T19:02:26.5958064Z,3,3,100,14,9,cached-main-1to4-rep09-20260804-000207,127.2286,2026-08-03T19:02:26.7231056Z,2026-08-03T19:02:26.5958064Z,1,4,180,4.8361551,1.4758499000000003,True
1,cached-main,2026-08-03T19:04:31.5523454Z,0,165.2852,step6\runs\cached-main-1to4-rep10-20260804-000413,2026-08-03T19:04:31.5523454Z,3,3,100,9,10,cached-main-1to4-rep10-20260804-000413,164.5946,2026-08-03T19:04:31.7176306Z,2026-08-03T19:04:31.5523454Z,1,4,180,4.2108001,2.0864953,True
