"Rep","RPS","Errors","FailurePct","P99","MaxCPU","MaxThrottlePct","Pass","Reasons"
"1","110","0","0","14.28","0.191","1.66","True",""
"2","110","0","0","13.19","0.181","0.57","True",""
"3","110","0","0","14.59","0.187","0.87","True",""
"1","120","0","0","19.15","0.227","2.97","True",""
"2","120","0","0","16.75","0.211","2.74","True",""
"3","120","0","0","18.87","0.229","3.25","True",""
"1","130","0","0","30.81","0.258","5.24","True",""
"2","130","0","0","14.47","0.225","1.51","True",""
"3","130","0","0","17.47","0.225","2.53","True",""
