"Rep","RPS","Errors","FailurePct","P99","MaxCPU","MaxThrottlePct","PodCount","ImbalancePct","Pass","Reasons"
"1","162","3688","18.97","38.74","0.258","9.91","4","3.17","False","failures,throughput"
"2","162","3700","19.03","40.76","0.249","13.06","4","4.09","False","failures,throughput,throttling"
"3","162","3715","19.11","42.78","0.254","14.02","4","3.84","False","failures,throughput,throttling"
"1","180","5875","27.2","71.67","0.235","24.41","4","2.03","False","failures,throughput,throttling"
"2","180","5828","26.98","71.56","0.28","25.69","4","4.21","False","failures,throughput,throttling"
"3","180","5792","26.81","223.32","0.257","45.01","4","3.64","False","failures,throughput,throttling"
"1","198","7943","33.43","117.86","0.271","39.38","4","2.76","False","failures,throughput,throttling"
"2","198","7901","33.25","113.12","0.264","41.71","4","4.44","False","failures,throughput,throttling"
"3","198","7995","33.65","110.24","0.278","37.76","4","1.37","False","failures,throughput,throttling"
