run_id,source_step,phase,pair_id,condition_side,condition,workload_id,repetition,safety_enabled,mae_rps,rmse_rps,transition_mae_rps,desired_replica_mae,deficient_replica_seconds,request_p99_latency_ms,slo_violation_seconds,excess_replica_seconds
final-oracle-sustain-r01-s0,step15,reference,reference-oracle,reference,oracle,sustained-peak-v1,1,False,0.0,0.0,0.0,0.0,0,38.60828,28,0
final-p02-b-r01-s0,step15,primary,pair-02-duration,b,shortened_peak,sustained-peak-v1,1,False,2.9661016949152543,10.188893920442684,0.0,0.25,90,1261.4022100000025,48,0
final-p01-a-r01-s0,step15,primary,pair-01-direction_bias,a,persistent_negative_bias,sustained-peak-v1,1,False,5.0,5.0,5.0,0.5861111111111111,211,55.469600000000014,48,0
final-p05-b-r01-s0,step15,primary,pair-05-shape,b,smoothed,periodic-triangle-v1,1,False,0.2995643137254903,0.726681042587531,0.3386574566666668,0.0,0,37.71201,128,0
final-p03-a-r01-s0,step15,primary,pair-03-event_presence,a,false_peak,narrow-spike-v1,1,False,6.0344827586206895,14.532958974404494,0.0,0.6666666666666666,0,35.64501000000001,32,120
final-p04-a-r01-s0,step15,primary,pair-04-location,a,stable_period_error,gradual-ramp-v1,1,False,1.0126582278481011,2.8462722678592804,0.0,0.1145833333333333,0,39.34019999999997,81,55
final-oracle-spike-r01-s0,step15,reference,reference-oracle,reference,oracle,narrow-spike-v1,1,False,0.0,0.0,0.0,0.0,0,34.78254000000001,18,0
final-p02-a-r01-s0,step15,primary,pair-02-duration,a,extended_peak,sustained-peak-v1,1,False,2.9661016949152543,10.188893920442684,17.5,0.25,0,39.39235000000001,39,90
final-p07-b-r01-s0,step15,primary,pair-07-timing_spike,b,late_event,narrow-spike-v1,1,False,4.022988505747127,11.86611131336418,35.0,0.3333333333333333,30,2129.7738200000035,23,30
final-p03-b-r01-s0,step15,primary,pair-03-event_presence,b,missed_peak,narrow-spike-v1,1,False,6.0344827586206895,14.532958974404494,17.5,1.0,180,6137.093320000004,66,0
final-p06-a-r01-s0,step15,primary,pair-06-timing_periodic,a,early_event,periodic-triangle-v1,1,False,6.5294117815126045,7.361835586127132,7.653333353333332,0.4583333333333333,165,37.50603,114,165
final-oracle-ramp-r01-s0,step15,reference,reference-oracle,reference,oracle,gradual-ramp-v1,1,False,0.0,0.0,0.0,0.0,0,37.410559999999904,67,0
final-p01-b-r01-s0,step15,primary,pair-01-direction_bias,b,persistent_positive_bias,sustained-peak-v1,1,False,5.0,5.0,5.0,0.0,0,39.572190000000006,43,0
final-p06-b-r01-s0,step15,primary,pair-06-timing_periodic,b,late_event,periodic-triangle-v1,1,False,6.5294117815126045,7.361835586127132,7.667916686666666,0.4583333333333333,165,38.23611999999998,127,165
final-oracle-periodic-r01-s0,step15,reference,reference-oracle,reference,oracle,periodic-triangle-v1,1,False,0.0,0.0,0.0,0.0,0,35.93412999999998,113,0
final-p04-b-r01-s0,step15,primary,pair-04-location,b,transition_period_error,gradual-ramp-v1,1,False,1.0126582278481011,2.8462722678592804,1.6,0.1375,0,37.14753,71,66
final-p05-a-r01-s0,step15,primary,pair-05-shape,a,sharpened,periodic-triangle-v1,1,False,0.2995643137254903,0.7266810425875311,0.3386574566666668,0.0,0,36.20304,123,0
final-p07-a-r01-s0,step15,primary,pair-07-timing_spike,a,early_event,narrow-spike-v1,1,False,4.022988505747127,11.86611131336418,0.0,0.3333333333333333,30,35.60655,21,30
final-p03-b-r02-s0,step15,primary,pair-03-event_presence,b,missed_peak,narrow-spike-v1,2,False,6.0344827586206895,14.532958974404494,17.5,1.0,180,5354.7899800000005,58,0
final-p07-b-r02-s0,step15,primary,pair-07-timing_spike,b,late_event,narrow-spike-v1,2,False,4.022988505747127,11.86611131336418,35.0,0.3333333333333333,30,2115.90071,20,30
final-p03-a-r02-s0,step15,primary,pair-03-event_presence,a,false_peak,narrow-spike-v1,2,False,6.0344827586206895,14.532958974404494,0.0,0.6666666666666666,0,33.767950000000056,14,120
final-p07-a-r02-s0,step15,primary,pair-07-timing_spike,a,early_event,narrow-spike-v1,2,False,4.022988505747127,11.86611131336418,0.0,0.3333333333333333,30,34.62610000000001,17,30
final-p04-a-r02-s0,step15,primary,pair-04-location,a,stable_period_error,gradual-ramp-v1,2,False,1.0126582278481011,2.8462722678592804,0.0,0.1145833333333333,0,36.39195999999985,70,55
final-p05-b-r02-s0,step15,primary,pair-05-shape,b,smoothed,periodic-triangle-v1,2,False,0.2995643137254903,0.726681042587531,0.3386574566666668,0.0,0,27.81911999999998,100,0
final-p06-b-r02-s0,step15,primary,pair-06-timing_periodic,b,late_event,periodic-triangle-v1,2,False,6.5294117815126045,7.361835586127132,7.667916686666666,0.4583333333333333,165,32.427539999999915,102,165
final-p01-b-r02-s0,step15,primary,pair-01-direction_bias,b,persistent_positive_bias,sustained-peak-v1,2,False,5.0,5.0,5.0,0.0,0,34.17733000000001,13,0
final-oracle-ramp-r02-s0,step15,reference,reference-oracle,reference,oracle,gradual-ramp-v1,2,False,0.0,0.0,0.0,0.0,0,29.102159999999976,64,0
final-p02-a-r02-s0,step15,primary,pair-02-duration,a,extended_peak,sustained-peak-v1,2,False,2.9661016949152543,10.188893920442684,17.5,0.25,0,35.89930000000003,13,90
final-p05-a-r02-s0,step15,primary,pair-05-shape,a,sharpened,periodic-triangle-v1,2,False,0.2995643137254903,0.7266810425875311,0.3386574566666668,0.0,0,28.03231999999995,91,0
final-p01-a-r02-s0,step15,primary,pair-01-direction_bias,a,persistent_negative_bias,sustained-peak-v1,2,False,5.0,5.0,5.0,0.5861111111111111,211,45.32609000000007,16,0
final-p06-a-r02-s0,step15,primary,pair-06-timing_periodic,a,early_event,periodic-triangle-v1,2,False,6.5294117815126045,7.361835586127132,7.653333353333332,0.4583333333333333,165,27.703159999999976,103,165
final-oracle-sustain-r02-s0,step15,reference,reference-oracle,reference,oracle,sustained-peak-v1,2,False,0.0,0.0,0.0,0.0,0,33.96913,8,0
final-oracle-periodic-r02-s0,step15,reference,reference-oracle,reference,oracle,periodic-triangle-v1,2,False,0.0,0.0,0.0,0.0,0,28.35101,103,0
final-oracle-spike-r02-s0,step15,reference,reference-oracle,reference,oracle,narrow-spike-v1,2,False,0.0,0.0,0.0,0.0,0,26.715440000000008,7,0
final-p02-b-r02-s0,step15,primary,pair-02-duration,b,shortened_peak,sustained-peak-v1,2,False,2.9661016949152543,10.188893920442684,0.0,0.25,90,1177.8811000000037,32,0
final-p04-b-r02-s0,step15,primary,pair-04-location,b,transition_period_error,gradual-ramp-v1,2,False,1.0126582278481011,2.8462722678592804,1.6,0.1375,0,29.836649999999977,68,66
final-oracle-ramp-r03-s0,step15,reference,reference-oracle,reference,oracle,gradual-ramp-v1,3,False,0.0,0.0,0.0,0.0,0,29.893399999999936,56,0
final-p06-a-r03-s0,step15,primary,pair-06-timing_periodic,a,early_event,periodic-triangle-v1,3,False,6.5294117815126045,7.361835586127132,7.653333353333332,0.4583333333333333,165,27.873229999999964,99,165
final-p03-b-r03-s0,step15,primary,pair-03-event_presence,b,missed_peak,narrow-spike-v1,3,False,6.0344827586206895,14.532958974404494,17.5,1.0,180,4215.051120000004,60,0
final-p07-b-r03-s0,step15,primary,pair-07-timing_spike,b,late_event,narrow-spike-v1,3,False,4.022988505747127,11.86611131336418,35.0,0.3333333333333333,30,2457.60818,30,30
final-oracle-periodic-r03-s0,step15,reference,reference-oracle,reference,oracle,periodic-triangle-v1,3,False,0.0,0.0,0.0,0.0,0,30.00012999999998,97,0
final-p02-a-r03-s0,step15,primary,pair-02-duration,a,extended_peak,sustained-peak-v1,3,False,2.9661016949152543,10.188893920442684,17.5,0.25,0,32.81304,21,90
final-p07-a-r03-s0,step15,primary,pair-07-timing_spike,a,early_event,narrow-spike-v1,3,False,4.022988505747127,11.86611131336418,0.0,0.3333333333333333,30,28.095100000000023,8,30
final-oracle-spike-r03-s0,step15,reference,reference-oracle,reference,oracle,narrow-spike-v1,3,False,0.0,0.0,0.0,0.0,0,31.31842000000001,8,0
final-p05-a-r03-s0,step15,primary,pair-05-shape,a,sharpened,periodic-triangle-v1,3,False,0.2995643137254903,0.7266810425875311,0.3386574566666668,0.0,0,32.00955999999991,105,0
final-p04-a-r03-s0,step15,primary,pair-04-location,a,stable_period_error,gradual-ramp-v1,3,False,1.0126582278481011,2.8462722678592804,0.0,0.1145833333333333,0,32.767039999999994,60,55
final-p06-b-r03-s0,step15,primary,pair-06-timing_periodic,b,late_event,periodic-triangle-v1,3,False,6.5294117815126045,7.361835586127132,7.667916686666666,0.4583333333333333,165,34.265399999999936,104,165
final-oracle-sustain-r03-s0,step15,reference,reference-oracle,reference,oracle,sustained-peak-v1,3,False,0.0,0.0,0.0,0.0,0,37.280550000000034,9,0
final-p02-b-r03-s0,step15,primary,pair-02-duration,b,shortened_peak,sustained-peak-v1,3,False,2.9661016949152543,10.188893920442684,0.0,0.25,90,1673.67343,19,0
final-p03-a-r03-s0,step15,primary,pair-03-event_presence,a,false_peak,narrow-spike-v1,3,False,6.0344827586206895,14.532958974404494,0.0,0.6666666666666666,0,31.70364000000004,5,120
final-p04-b-r03-s0,step15,primary,pair-04-location,b,transition_period_error,gradual-ramp-v1,3,False,1.0126582278481011,2.8462722678592804,1.6,0.1375,0,32.98460999999998,64,66
final-p01-a-r03-s0,step15,primary,pair-01-direction_bias,a,persistent_negative_bias,sustained-peak-v1,3,False,5.0,5.0,5.0,0.5861111111111111,211,47.14305,13,0
final-p01-b-r03-s0,step15,primary,pair-01-direction_bias,b,persistent_positive_bias,sustained-peak-v1,3,False,5.0,5.0,5.0,0.0,0,34.80363000000001,13,0
final-p05-b-r03-s0,step15,primary,pair-05-shape,b,smoothed,periodic-triangle-v1,3,False,0.2995643137254903,0.726681042587531,0.3386574566666668,0.0,0,31.92803,100,0
final-p02-a-r04-s0,step15,primary,pair-02-duration,a,extended_peak,sustained-peak-v1,4,False,2.9661016949152543,10.188893920442684,17.5,0.25,0,34.32847000000001,23,90
final-p01-b-r04-s0,step15,primary,pair-01-direction_bias,b,persistent_positive_bias,sustained-peak-v1,4,False,5.0,5.0,5.0,0.0,0,33.15846000000001,7,0
final-oracle-ramp-r04-s0,step15,reference,reference-oracle,reference,oracle,gradual-ramp-v1,4,False,0.0,0.0,0.0,0.0,0,31.97953,54,0
final-p02-b-r04-s0,step15,primary,pair-02-duration,b,shortened_peak,sustained-peak-v1,4,False,2.9661016949152543,10.188893920442684,0.0,0.25,90,1516.5644900000016,17,0
final-oracle-sustain-r04-s0,step15,reference,reference-oracle,reference,oracle,sustained-peak-v1,4,False,0.0,0.0,0.0,0.0,0,37.46877000000002,8,0
final-p03-a-r04-s0,step15,primary,pair-03-event_presence,a,false_peak,narrow-spike-v1,4,False,6.0344827586206895,14.532958974404494,0.0,0.6666666666666666,0,32.36126000000007,8,120
final-p01-a-r04-s0,step15,primary,pair-01-direction_bias,a,persistent_negative_bias,sustained-peak-v1,4,False,5.0,5.0,5.0,0.5861111111111111,211,44.88485000000002,23,0
final-p05-a-r04-s0,step15,primary,pair-05-shape,a,sharpened,periodic-triangle-v1,4,False,0.2995643137254903,0.7266810425875311,0.3386574566666668,0.0,0,31.60311999999998,98,0
final-p07-b-r04-s0,step15,primary,pair-07-timing_spike,b,late_event,narrow-spike-v1,4,False,4.022988505747127,11.86611131336418,35.0,0.3333333333333333,30,3780.813260000001,14,30
final-p06-a-r04-s0,step15,primary,pair-06-timing_periodic,a,early_event,periodic-triangle-v1,4,False,6.5294117815126045,7.361835586127132,7.653333353333332,0.4583333333333333,165,31.585069999999988,104,165
final-oracle-periodic-r04-s0,step15,reference,reference-oracle,reference,oracle,periodic-triangle-v1,4,False,0.0,0.0,0.0,0.0,0,28.54924999999996,96,0
final-p07-a-r04-s0,step15,primary,pair-07-timing_spike,a,early_event,narrow-spike-v1,4,False,4.022988505747127,11.86611131336418,0.0,0.3333333333333333,30,23.840340000000005,4,30
final-p06-b-r04-s0,step15,primary,pair-06-timing_periodic,b,late_event,periodic-triangle-v1,4,False,6.5294117815126045,7.361835586127132,7.667916686666666,0.4583333333333333,165,32.956079999999986,98,165
final-p04-b-r04-s0,step15,primary,pair-04-location,b,transition_period_error,gradual-ramp-v1,4,False,1.0126582278481011,2.8462722678592804,1.6,0.1375,0,30.32373999999988,62,66
final-p04-a-r04-s0,step15,primary,pair-04-location,a,stable_period_error,gradual-ramp-v1,4,False,1.0126582278481011,2.8462722678592804,0.0,0.1145833333333333,0,30.445349999999863,59,55
final-p05-b-r04-s0,step15,primary,pair-05-shape,b,smoothed,periodic-triangle-v1,4,False,0.2995643137254903,0.726681042587531,0.3386574566666668,0.0,0,26.189229999999963,99,0
final-oracle-spike-r04-s0,step15,reference,reference-oracle,reference,oracle,narrow-spike-v1,4,False,0.0,0.0,0.0,0.0,0,26.05041000000002,5,0
final-p03-b-r04-s0,step15,primary,pair-03-event_presence,b,missed_peak,narrow-spike-v1,4,False,6.0344827586206895,14.532958974404494,17.5,1.0,180,4417.769690000006,58,0
final-p06-b-r05-s0,step15,primary,pair-06-timing_periodic,b,late_event,periodic-triangle-v1,5,False,6.5294117815126045,7.361835586127132,7.667916686666666,0.4583333333333333,165,34.219299999999954,99,165
final-p07-a-r05-s0,step15,primary,pair-07-timing_spike,a,early_event,narrow-spike-v1,5,False,4.022988505747127,11.86611131336418,0.0,0.3333333333333333,30,24.728220000000004,4,30
final-p04-b-r05-s0,step15,primary,pair-04-location,b,transition_period_error,gradual-ramp-v1,5,False,1.0126582278481011,2.8462722678592804,1.6,0.1375,0,29.42547999999992,62,66
final-p06-a-r05-s0,step15,primary,pair-06-timing_periodic,a,early_event,periodic-triangle-v1,5,False,6.5294117815126045,7.361835586127132,7.653333353333332,0.4583333333333333,165,27.62917999999997,105,165
final-oracle-periodic-r05-s0,step15,reference,reference-oracle,reference,oracle,periodic-triangle-v1,5,False,0.0,0.0,0.0,0.0,0,26.03825999999996,96,0
final-p07-b-r05-s0,step15,primary,pair-07-timing_spike,b,late_event,narrow-spike-v1,5,False,4.022988505747127,11.86611131336418,35.0,0.3333333333333333,30,2125.692780000002,19,30
final-oracle-ramp-r05-s0,step15,reference,reference-oracle,reference,oracle,gradual-ramp-v1,5,False,0.0,0.0,0.0,0.0,0,31.697599999999905,52,0
final-p03-b-r05-s0,step15,primary,pair-03-event_presence,b,missed_peak,narrow-spike-v1,5,False,6.0344827586206895,14.532958974404494,17.5,1.0,180,5863.617710000001,58,0
final-p02-a-r05-s0,step15,primary,pair-02-duration,a,extended_peak,sustained-peak-v1,5,False,2.9661016949152543,10.188893920442684,17.5,0.25,0,34.06513,13,90
final-p01-b-r05-s0,step15,primary,pair-01-direction_bias,b,persistent_positive_bias,sustained-peak-v1,5,False,5.0,5.0,5.0,0.0,0,35.17995000000002,10,0
final-p05-b-r05-s0,step15,primary,pair-05-shape,b,smoothed,periodic-triangle-v1,5,False,0.2995643137254903,0.726681042587531,0.3386574566666668,0.0,0,26.68350999999992,95,0
final-oracle-sustain-r05-s0,step15,reference,reference-oracle,reference,oracle,sustained-peak-v1,5,False,0.0,0.0,0.0,0.0,0,31.73536000000001,6,0
final-oracle-spike-r05-s0,step15,reference,reference-oracle,reference,oracle,narrow-spike-v1,5,False,0.0,0.0,0.0,0.0,0,28.21807000000004,4,0
final-p01-a-r05-s0,step15,primary,pair-01-direction_bias,a,persistent_negative_bias,sustained-peak-v1,5,False,5.0,5.0,5.0,0.5861111111111111,211,50.79404,32,0
final-p05-a-r05-s0,step15,primary,pair-05-shape,a,sharpened,periodic-triangle-v1,5,False,0.2995643137254903,0.7266810425875311,0.3386574566666668,0.0,0,27.337089999999986,100,0
final-p03-a-r05-s0,step15,primary,pair-03-event_presence,a,false_peak,narrow-spike-v1,5,False,6.0344827586206895,14.532958974404494,0.0,0.6666666666666666,0,25.35432000000003,11,120
final-p04-a-r05-s0,step15,primary,pair-04-location,a,stable_period_error,gradual-ramp-v1,5,False,1.0126582278481011,2.8462722678592804,0.0,0.1145833333333333,0,28.77494999999993,58,55
final-p02-b-r05-s0,step15,primary,pair-02-duration,b,shortened_peak,sustained-peak-v1,5,False,2.9661016949152543,10.188893920442684,0.0,0.25,90,2048.546150000004,24,0
final-p02-b-r06-s0,step15,primary,pair-02-duration,b,shortened_peak,sustained-peak-v1,6,False,2.9661016949152543,10.188893920442684,0.0,0.25,90,1130.7508400000015,29,0
final-p07-b-r06-s0,step15,primary,pair-07-timing_spike,b,late_event,narrow-spike-v1,6,False,4.022988505747127,11.86611131336418,35.0,0.3333333333333333,30,2820.2766500000034,20,30
final-p07-a-r06-s0,step15,primary,pair-07-timing_spike,a,early_event,narrow-spike-v1,6,False,4.022988505747127,11.86611131336418,0.0,0.3333333333333333,30,33.727800000000045,12,30
final-p04-a-r06-s0,step15,primary,pair-04-location,a,stable_period_error,gradual-ramp-v1,6,False,1.0126582278481011,2.8462722678592804,0.0,0.1145833333333333,0,34.225019999999994,58,55
final-p05-b-r06-s0,step15,primary,pair-05-shape,b,smoothed,periodic-triangle-v1,6,False,0.2995643137254903,0.726681042587531,0.3386574566666668,0.0,0,33.04424999999996,100,0
final-p06-a-r06-s0,step15,primary,pair-06-timing_periodic,a,early_event,periodic-triangle-v1,6,False,6.5294117815126045,7.361835586127132,7.653333353333332,0.4583333333333333,165,33.504149999999974,105,165
final-p03-b-r06-s0,step15,primary,pair-03-event_presence,b,missed_peak,narrow-spike-v1,6,False,6.0344827586206895,14.532958974404494,17.5,1.0,180,3386.483,59,0
final-p06-b-r06-s0,step15,primary,pair-06-timing_periodic,b,late_event,periodic-triangle-v1,6,False,6.5294117815126045,7.361835586127132,7.667916686666666,0.4583333333333333,165,35.08431999999995,110,165
final-p03-a-r06-s0,step15,primary,pair-03-event_presence,a,false_peak,narrow-spike-v1,6,False,6.0344827586206895,14.532958974404494,0.0,0.6666666666666666,0,33.73191000000001,12,120
final-p02-a-r06-s0,step15,primary,pair-02-duration,a,extended_peak,sustained-peak-v1,6,False,2.9661016949152543,10.188893920442684,17.5,0.25,0,36.88011,24,90
final-p01-b-r06-s0,step15,primary,pair-01-direction_bias,b,persistent_positive_bias,sustained-peak-v1,6,False,5.0,5.0,5.0,0.0,0,38.698670000000014,19,0
final-p05-a-r06-s0,step15,primary,pair-05-shape,a,sharpened,periodic-triangle-v1,6,False,0.2995643137254903,0.7266810425875311,0.3386574566666668,0.0,0,31.05730999999995,103,0
final-p04-b-r06-s0,step15,primary,pair-04-location,b,transition_period_error,gradual-ramp-v1,6,False,1.0126582278481011,2.8462722678592804,1.6,0.1375,0,31.502039999999997,59,66
final-p01-a-r06-s0,step15,primary,pair-01-direction_bias,a,persistent_negative_bias,sustained-peak-v1,6,False,5.0,5.0,5.0,0.5861111111111111,211,46.402620000000056,29,0
final-p07-b-r07-s0,step15,primary,pair-07-timing_spike,b,late_event,narrow-spike-v1,7,False,4.022988505747127,11.86611131336418,35.0,0.3333333333333333,30,2493.102730000002,17,30
final-p03-a-r07-s0,step15,primary,pair-03-event_presence,a,false_peak,narrow-spike-v1,7,False,6.0344827586206895,14.532958974404494,0.0,0.6666666666666666,0,29.385770000000008,10,120
final-p03-b-r07-s0,step15,primary,pair-03-event_presence,b,missed_peak,narrow-spike-v1,7,False,6.0344827586206895,14.532958974404494,17.5,1.0,180,5793.432070000001,76,0
final-p05-a-r07-s0,step15,primary,pair-05-shape,a,sharpened,periodic-triangle-v1,7,False,0.2995643137254903,0.7266810425875311,0.3386574566666668,0.0,0,30.219059999999992,108,0
final-p02-b-r07-s0,step15,primary,pair-02-duration,b,shortened_peak,sustained-peak-v1,7,False,2.9661016949152543,10.188893920442684,0.0,0.25,90,2473.235050000001,27,0
final-p04-b-r07-s0,step15,primary,pair-04-location,b,transition_period_error,gradual-ramp-v1,7,False,1.0126582278481011,2.8462722678592804,1.6,0.1375,0,31.54368999999997,58,66
final-p07-a-r07-s0,step15,primary,pair-07-timing_spike,a,early_event,narrow-spike-v1,7,False,4.022988505747127,11.86611131336418,0.0,0.3333333333333333,30,30.37046000000001,14,30
final-p06-b-r07-s0,step15,primary,pair-06-timing_periodic,b,late_event,periodic-triangle-v1,7,False,6.5294117815126045,7.361835586127132,7.667916686666666,0.4583333333333333,165,32.02130999999995,112,165
final-p05-b-r07-s0,step15,primary,pair-05-shape,b,smoothed,periodic-triangle-v1,7,False,0.2995643137254903,0.726681042587531,0.3386574566666668,0.0,0,30.128089999999982,107,0
final-p01-b-r07-s0,step15,primary,pair-01-direction_bias,b,persistent_positive_bias,sustained-peak-v1,7,False,5.0,5.0,5.0,0.0,0,34.93202,13,0
final-p04-a-r07-s0,step15,primary,pair-04-location,a,stable_period_error,gradual-ramp-v1,7,False,1.0126582278481011,2.8462722678592804,0.0,0.1145833333333333,0,31.000209999999885,60,55
final-p06-a-r07-s0,step15,primary,pair-06-timing_periodic,a,early_event,periodic-triangle-v1,7,False,6.5294117815126045,7.361835586127132,7.653333353333332,0.4583333333333333,165,29.80875999999988,106,165
final-p01-a-r07-s0,step15,primary,pair-01-direction_bias,a,persistent_negative_bias,sustained-peak-v1,7,False,5.0,5.0,5.0,0.5861111111111111,211,51.68748000000003,23,0
final-p02-a-r07-s0,step15,primary,pair-02-duration,a,extended_peak,sustained-peak-v1,7,False,2.9661016949152543,10.188893920442684,17.5,0.25,0,33.07857000000001,13,90
final-p06-b-r08-s0,step15,primary,pair-06-timing_periodic,b,late_event,periodic-triangle-v1,8,False,6.5294117815126045,7.361835586127132,7.667916686666666,0.4583333333333333,165,33.41881999999987,104,165
final-p05-b-r08-s0,step15,primary,pair-05-shape,b,smoothed,periodic-triangle-v1,8,False,0.2995643137254903,0.726681042587531,0.3386574566666668,0.0,0,29.91713999999998,107,0
final-p01-b-r08-s0,step15,primary,pair-01-direction_bias,b,persistent_positive_bias,sustained-peak-v1,8,False,5.0,5.0,5.0,0.0,0,35.33209,15,0
final-p03-a-r08-s0,step15,primary,pair-03-event_presence,a,false_peak,narrow-spike-v1,8,False,6.0344827586206895,14.532958974404494,0.0,0.6666666666666666,0,30.016240000000003,10,120
final-p02-b-r08-s0,step15,primary,pair-02-duration,b,shortened_peak,sustained-peak-v1,8,False,2.9661016949152543,10.188893920442684,0.0,0.25,90,1348.5705800000014,20,0
final-p02-a-r08-s0,step15,primary,pair-02-duration,a,extended_peak,sustained-peak-v1,8,False,2.9661016949152543,10.188893920442684,17.5,0.25,0,33.850490000000015,22,90
final-p07-b-r08-s0,step15,primary,pair-07-timing_spike,b,late_event,narrow-spike-v1,8,False,4.022988505747127,11.86611131336418,35.0,0.3333333333333333,30,2840.528040000009,16,30
final-p05-a-r08-s0,step15,primary,pair-05-shape,a,sharpened,periodic-triangle-v1,8,False,0.2995643137254903,0.7266810425875311,0.3386574566666668,0.0,0,30.335099999999983,104,0
final-p04-a-r08-s0,step15,primary,pair-04-location,a,stable_period_error,gradual-ramp-v1,8,False,1.0126582278481011,2.8462722678592804,0.0,0.1145833333333333,0,30.87715999999997,72,55
final-p06-a-r08-s0,step15,primary,pair-06-timing_periodic,a,early_event,periodic-triangle-v1,8,False,6.5294117815126045,7.361835586127132,7.653333353333332,0.4583333333333333,165,29.835,99,165
final-p01-a-r08-s0,step15,primary,pair-01-direction_bias,a,persistent_negative_bias,sustained-peak-v1,8,False,5.0,5.0,5.0,0.5861111111111111,211,47.01926,15,0
final-p04-b-r08-s0,step15,primary,pair-04-location,b,transition_period_error,gradual-ramp-v1,8,False,1.0126582278481011,2.8462722678592804,1.6,0.1375,0,31.69988999999994,61,66
final-p07-a-r08-s0,step15,primary,pair-07-timing_spike,a,early_event,narrow-spike-v1,8,False,4.022988505747127,11.86611131336418,0.0,0.3333333333333333,30,28.59620000000005,10,30
final-p03-b-r08-s0,step15,primary,pair-03-event_presence,b,missed_peak,narrow-spike-v1,8,False,6.0344827586206895,14.532958974404494,17.5,1.0,180,3527.1949600000003,61,0
final-p01-a-r01-s1,step16,secondary_safety,pair-01-direction_bias,a,persistent_negative_bias,sustained-peak-v1,1,True,5.0,5.0,5.0,0.0666666666666666,7,34.63835,29,17
final-p03-b-r01-s1,step16,secondary_safety,pair-03-event_presence,b,missed_peak,narrow-spike-v1,1,True,6.0344827586206895,14.532958974404494,17.5,0.2,21,2854.296400000002,19,15
final-p01-a-r02-s1,step16,secondary_safety,pair-01-direction_bias,a,persistent_negative_bias,sustained-peak-v1,2,True,5.0,5.0,5.0,0.0666666666666666,7,33.622720000000015,12,17
final-p03-b-r02-s1,step16,secondary_safety,pair-03-event_presence,b,missed_peak,narrow-spike-v1,2,True,6.0344827586206895,14.532958974404494,17.5,0.2,21,3061.3518400000057,18,15
final-p01-a-r03-s1,step16,secondary_safety,pair-01-direction_bias,a,persistent_negative_bias,sustained-peak-v1,3,True,5.0,5.0,5.0,0.0666666666666666,7,35.44826000000005,26,17
final-p03-b-r03-s1,step16,secondary_safety,pair-03-event_presence,b,missed_peak,narrow-spike-v1,3,True,6.0344827586206895,14.532958974404494,17.5,0.2,21,2232.9247200000027,11,15
final-p01-a-r04-s1,step16,secondary_safety,pair-01-direction_bias,a,persistent_negative_bias,sustained-peak-v1,4,True,5.0,5.0,5.0,0.0666666666666666,7,31.97507,7,17
final-p03-b-r04-s1,step16,secondary_safety,pair-03-event_presence,b,missed_peak,narrow-spike-v1,4,True,6.0344827586206895,14.532958974404494,17.5,0.2,21,2982.4361800000006,14,15
final-p01-a-r05-s1,step16,secondary_safety,pair-01-direction_bias,a,persistent_negative_bias,sustained-peak-v1,5,True,5.0,5.0,5.0,0.0666666666666666,7,29.483320000000028,12,17
final-p03-b-r05-s1,step16,secondary_safety,pair-03-event_presence,b,missed_peak,narrow-spike-v1,5,True,6.0344827586206895,14.532958974404494,17.5,0.2,21,2355.5528000000004,13,15
