trace_id,policy_id,decision_seq,decision_offset_ms,forecast_issued_offset_ms,forecast_target_offset_ms,horizon_ms,true_current_workload_rps,true_future_workload_rps,terminal_extension,safety_factor,safety_adjusted_workload_rps,raw_replicas,bounded_replicas,stabilized_replicas,prior_commanded_replicas,commanded_replicas,action,scale_down_held,reference_type
stable-noisy-control-v1,anfa-empirical-replica-policy-v1,0,0,0,6000,6000,23.000000,25.000000,false,1.000000,25.000000,1,1,1,1,1,none,false,oracle_desired_policy
stable-noisy-control-v1,anfa-empirical-replica-policy-v1,1,1000,1000,7000,6000,24.000000,24.000000,false,1.000000,24.000000,1,1,1,1,1,none,false,oracle_desired_policy
stable-noisy-control-v1,anfa-empirical-replica-policy-v1,2,2000,2000,8000,6000,25.000000,23.000000,false,1.000000,23.000000,1,1,1,1,1,none,false,oracle_desired_policy
stable-noisy-control-v1,anfa-empirical-replica-policy-v1,3,3000,3000,9000,6000,26.000000,24.000000,false,1.000000,24.000000,1,1,1,1,1,none,false,oracle_desired_policy
stable-noisy-control-v1,anfa-empirical-replica-policy-v1,4,4000,4000,10000,6000,27.000000,25.000000,false,1.000000,25.000000,1,1,1,1,1,none,false,oracle_desired_policy
stable-noisy-control-v1,anfa-empirical-replica-policy-v1,5,5000,5000,11000,6000,26.000000,26.000000,false,1.000000,26.000000,1,1,1,1,1,none,false,oracle_desired_policy
stable-noisy-control-v1,anfa-empirical-replica-policy-v1,6,6000,6000,12000,6000,25.000000,27.000000,false,1.000000,27.000000,1,1,1,1,1,none,false,oracle_desired_policy
stable-noisy-control-v1,anfa-empirical-replica-policy-v1,7,7000,7000,13000,6000,24.000000,26.000000,false,1.000000,26.000000,1,1,1,1,1,none,false,oracle_desired_policy
stable-noisy-control-v1,anfa-empirical-replica-policy-v1,8,8000,8000,14000,6000,23.000000,25.000000,false,1.000000,25.000000,1,1,1,1,1,none,false,oracle_desired_policy
stable-noisy-control-v1,anfa-empirical-replica-policy-v1,9,9000,9000,15000,6000,24.000000,24.000000,false,1.000000,24.000000,1,1,1,1,1,none,false,oracle_desired_policy
stable-noisy-control-v1,anfa-empirical-replica-policy-v1,10,10000,10000,16000,6000,25.000000,23.000000,false,1.000000,23.000000,1,1,1,1,1,none,false,oracle_desired_policy
stable-noisy-control-v1,anfa-empirical-replica-policy-v1,11,11000,11000,17000,6000,26.000000,24.000000,false,1.000000,24.000000,1,1,1,1,1,none,false,oracle_desired_policy
stable-noisy-control-v1,anfa-empirical-replica-policy-v1,12,12000,12000,18000,6000,27.000000,25.000000,false,1.000000,25.000000,1,1,1,1,1,none,false,oracle_desired_policy
stable-noisy-control-v1,anfa-empirical-replica-policy-v1,13,13000,13000,19000,6000,26.000000,26.000000,false,1.000000,26.000000,1,1,1,1,1,none,false,oracle_desired_policy
stable-noisy-control-v1,anfa-empirical-replica-policy-v1,14,14000,14000,20000,6000,25.000000,27.000000,false,1.000000,27.000000,1,1,1,1,1,none,false,oracle_desired_policy
stable-noisy-control-v1,anfa-empirical-replica-policy-v1,15,15000,15000,21000,6000,24.000000,26.000000,false,1.000000,26.000000,1,1,1,1,1,none,false,oracle_desired_policy
stable-noisy-control-v1,anfa-empirical-replica-policy-v1,16,16000,16000,22000,6000,23.000000,25.000000,false,1.000000,25.000000,1,1,1,1,1,none,false,oracle_desired_policy
stable-noisy-control-v1,anfa-empirical-replica-policy-v1,17,17000,17000,23000,6000,24.000000,24.000000,false,1.000000,24.000000,1,1,1,1,1,none,false,oracle_desired_policy
stable-noisy-control-v1,anfa-empirical-replica-policy-v1,18,18000,18000,24000,6000,25.000000,23.000000,false,1.000000,23.000000,1,1,1,1,1,none,false,oracle_desired_policy
stable-noisy-control-v1,anfa-empirical-replica-policy-v1,19,19000,19000,25000,6000,26.000000,24.000000,false,1.000000,24.000000,1,1,1,1,1,none,false,oracle_desired_policy
stable-noisy-control-v1,anfa-empirical-replica-policy-v1,20,20000,20000,26000,6000,27.000000,25.000000,false,1.000000,25.000000,1,1,1,1,1,none,false,oracle_desired_policy
stable-noisy-control-v1,anfa-empirical-replica-policy-v1,21,21000,21000,27000,6000,26.000000,26.000000,false,1.000000,26.000000,1,1,1,1,1,none,false,oracle_desired_policy
stable-noisy-control-v1,anfa-empirical-replica-policy-v1,22,22000,22000,28000,6000,25.000000,27.000000,false,1.000000,27.000000,1,1,1,1,1,none,false,oracle_desired_policy
stable-noisy-control-v1,anfa-empirical-replica-policy-v1,23,23000,23000,29000,6000,24.000000,26.000000,false,1.000000,26.000000,1,1,1,1,1,none,false,oracle_desired_policy
stable-noisy-control-v1,anfa-empirical-replica-policy-v1,24,24000,24000,30000,6000,23.000000,25.000000,false,1.000000,25.000000,1,1,1,1,1,none,false,oracle_desired_policy
stable-noisy-control-v1,anfa-empirical-replica-policy-v1,25,25000,25000,31000,6000,24.000000,24.000000,false,1.000000,24.000000,1,1,1,1,1,none,false,oracle_desired_policy
stable-noisy-control-v1,anfa-empirical-replica-policy-v1,26,26000,26000,32000,6000,25.000000,23.000000,false,1.000000,23.000000,1,1,1,1,1,none,false,oracle_desired_policy
stable-noisy-control-v1,anfa-empirical-replica-policy-v1,27,27000,27000,33000,6000,26.000000,24.000000,false,1.000000,24.000000,1,1,1,1,1,none,false,oracle_desired_policy
stable-noisy-control-v1,anfa-empirical-replica-policy-v1,28,28000,28000,34000,6000,27.000000,25.000000,false,1.000000,25.000000,1,1,1,1,1,none,false,oracle_desired_policy
stable-noisy-control-v1,anfa-empirical-replica-policy-v1,29,29000,29000,35000,6000,26.000000,26.000000,false,1.000000,26.000000,1,1,1,1,1,none,false,oracle_desired_policy
stable-noisy-control-v1,anfa-empirical-replica-policy-v1,30,30000,30000,36000,6000,25.000000,27.000000,false,1.000000,27.000000,1,1,1,1,1,none,false,oracle_desired_policy
stable-noisy-control-v1,anfa-empirical-replica-policy-v1,31,31000,31000,37000,6000,24.000000,26.000000,false,1.000000,26.000000,1,1,1,1,1,none,false,oracle_desired_policy
stable-noisy-control-v1,anfa-empirical-replica-policy-v1,32,32000,32000,38000,6000,23.000000,25.000000,false,1.000000,25.000000,1,1,1,1,1,none,false,oracle_desired_policy
stable-noisy-control-v1,anfa-empirical-replica-policy-v1,33,33000,33000,39000,6000,24.000000,24.000000,false,1.000000,24.000000,1,1,1,1,1,none,false,oracle_desired_policy
stable-noisy-control-v1,anfa-empirical-replica-policy-v1,34,34000,34000,40000,6000,25.000000,23.000000,false,1.000000,23.000000,1,1,1,1,1,none,false,oracle_desired_policy
stable-noisy-control-v1,anfa-empirical-replica-policy-v1,35,35000,35000,41000,6000,26.000000,24.000000,false,1.000000,24.000000,1,1,1,1,1,none,false,oracle_desired_policy
stable-noisy-control-v1,anfa-empirical-replica-policy-v1,36,36000,36000,42000,6000,27.000000,25.000000,false,1.000000,25.000000,1,1,1,1,1,none,false,oracle_desired_policy
stable-noisy-control-v1,anfa-empirical-replica-policy-v1,37,37000,37000,43000,6000,26.000000,26.000000,false,1.000000,26.000000,1,1,1,1,1,none,false,oracle_desired_policy
stable-noisy-control-v1,anfa-empirical-replica-policy-v1,38,38000,38000,44000,6000,25.000000,27.000000,false,1.000000,27.000000,1,1,1,1,1,none,false,oracle_desired_policy
stable-noisy-control-v1,anfa-empirical-replica-policy-v1,39,39000,39000,45000,6000,24.000000,26.000000,false,1.000000,26.000000,1,1,1,1,1,none,false,oracle_desired_policy
stable-noisy-control-v1,anfa-empirical-replica-policy-v1,40,40000,40000,46000,6000,23.000000,25.000000,false,1.000000,25.000000,1,1,1,1,1,none,false,oracle_desired_policy
stable-noisy-control-v1,anfa-empirical-replica-policy-v1,41,41000,41000,47000,6000,24.000000,24.000000,false,1.000000,24.000000,1,1,1,1,1,none,false,oracle_desired_policy
stable-noisy-control-v1,anfa-empirical-replica-policy-v1,42,42000,42000,48000,6000,25.000000,23.000000,false,1.000000,23.000000,1,1,1,1,1,none,false,oracle_desired_policy
stable-noisy-control-v1,anfa-empirical-replica-policy-v1,43,43000,43000,49000,6000,26.000000,24.000000,false,1.000000,24.000000,1,1,1,1,1,none,false,oracle_desired_policy
stable-noisy-control-v1,anfa-empirical-replica-policy-v1,44,44000,44000,50000,6000,27.000000,25.000000,false,1.000000,25.000000,1,1,1,1,1,none,false,oracle_desired_policy
stable-noisy-control-v1,anfa-empirical-replica-policy-v1,45,45000,45000,51000,6000,26.000000,26.000000,false,1.000000,26.000000,1,1,1,1,1,none,false,oracle_desired_policy
stable-noisy-control-v1,anfa-empirical-replica-policy-v1,46,46000,46000,52000,6000,25.000000,27.000000,false,1.000000,27.000000,1,1,1,1,1,none,false,oracle_desired_policy
stable-noisy-control-v1,anfa-empirical-replica-policy-v1,47,47000,47000,53000,6000,24.000000,26.000000,false,1.000000,26.000000,1,1,1,1,1,none,false,oracle_desired_policy
stable-noisy-control-v1,anfa-empirical-replica-policy-v1,48,48000,48000,54000,6000,23.000000,25.000000,false,1.000000,25.000000,1,1,1,1,1,none,false,oracle_desired_policy
stable-noisy-control-v1,anfa-empirical-replica-policy-v1,49,49000,49000,55000,6000,24.000000,24.000000,false,1.000000,24.000000,1,1,1,1,1,none,false,oracle_desired_policy
stable-noisy-control-v1,anfa-empirical-replica-policy-v1,50,50000,50000,56000,6000,25.000000,23.000000,false,1.000000,23.000000,1,1,1,1,1,none,false,oracle_desired_policy
stable-noisy-control-v1,anfa-empirical-replica-policy-v1,51,51000,51000,57000,6000,26.000000,24.000000,false,1.000000,24.000000,1,1,1,1,1,none,false,oracle_desired_policy
stable-noisy-control-v1,anfa-empirical-replica-policy-v1,52,52000,52000,58000,6000,27.000000,25.000000,false,1.000000,25.000000,1,1,1,1,1,none,false,oracle_desired_policy
stable-noisy-control-v1,anfa-empirical-replica-policy-v1,53,53000,53000,59000,6000,26.000000,26.000000,false,1.000000,26.000000,1,1,1,1,1,none,false,oracle_desired_policy
stable-noisy-control-v1,anfa-empirical-replica-policy-v1,54,54000,54000,60000,6000,25.000000,27.000000,false,1.000000,27.000000,1,1,1,1,1,none,false,oracle_desired_policy
stable-noisy-control-v1,anfa-empirical-replica-policy-v1,55,55000,55000,61000,6000,24.000000,26.000000,false,1.000000,26.000000,1,1,1,1,1,none,false,oracle_desired_policy
stable-noisy-control-v1,anfa-empirical-replica-policy-v1,56,56000,56000,62000,6000,23.000000,25.000000,false,1.000000,25.000000,1,1,1,1,1,none,false,oracle_desired_policy
stable-noisy-control-v1,anfa-empirical-replica-policy-v1,57,57000,57000,63000,6000,24.000000,24.000000,false,1.000000,24.000000,1,1,1,1,1,none,false,oracle_desired_policy
stable-noisy-control-v1,anfa-empirical-replica-policy-v1,58,58000,58000,64000,6000,25.000000,23.000000,false,1.000000,23.000000,1,1,1,1,1,none,false,oracle_desired_policy
stable-noisy-control-v1,anfa-empirical-replica-policy-v1,59,59000,59000,65000,6000,26.000000,24.000000,false,1.000000,24.000000,1,1,1,1,1,none,false,oracle_desired_policy
stable-noisy-control-v1,anfa-empirical-replica-policy-v1,60,60000,60000,66000,6000,27.000000,25.000000,false,1.000000,25.000000,1,1,1,1,1,none,false,oracle_desired_policy
stable-noisy-control-v1,anfa-empirical-replica-policy-v1,61,61000,61000,67000,6000,26.000000,26.000000,false,1.000000,26.000000,1,1,1,1,1,none,false,oracle_desired_policy
stable-noisy-control-v1,anfa-empirical-replica-policy-v1,62,62000,62000,68000,6000,25.000000,27.000000,false,1.000000,27.000000,1,1,1,1,1,none,false,oracle_desired_policy
stable-noisy-control-v1,anfa-empirical-replica-policy-v1,63,63000,63000,69000,6000,24.000000,26.000000,false,1.000000,26.000000,1,1,1,1,1,none,false,oracle_desired_policy
stable-noisy-control-v1,anfa-empirical-replica-policy-v1,64,64000,64000,70000,6000,23.000000,25.000000,false,1.000000,25.000000,1,1,1,1,1,none,false,oracle_desired_policy
stable-noisy-control-v1,anfa-empirical-replica-policy-v1,65,65000,65000,71000,6000,24.000000,24.000000,false,1.000000,24.000000,1,1,1,1,1,none,false,oracle_desired_policy
stable-noisy-control-v1,anfa-empirical-replica-policy-v1,66,66000,66000,72000,6000,25.000000,23.000000,false,1.000000,23.000000,1,1,1,1,1,none,false,oracle_desired_policy
stable-noisy-control-v1,anfa-empirical-replica-policy-v1,67,67000,67000,73000,6000,26.000000,24.000000,false,1.000000,24.000000,1,1,1,1,1,none,false,oracle_desired_policy
stable-noisy-control-v1,anfa-empirical-replica-policy-v1,68,68000,68000,74000,6000,27.000000,25.000000,false,1.000000,25.000000,1,1,1,1,1,none,false,oracle_desired_policy
stable-noisy-control-v1,anfa-empirical-replica-policy-v1,69,69000,69000,75000,6000,26.000000,26.000000,false,1.000000,26.000000,1,1,1,1,1,none,false,oracle_desired_policy
stable-noisy-control-v1,anfa-empirical-replica-policy-v1,70,70000,70000,76000,6000,25.000000,27.000000,false,1.000000,27.000000,1,1,1,1,1,none,false,oracle_desired_policy
stable-noisy-control-v1,anfa-empirical-replica-policy-v1,71,71000,71000,77000,6000,24.000000,26.000000,false,1.000000,26.000000,1,1,1,1,1,none,false,oracle_desired_policy
stable-noisy-control-v1,anfa-empirical-replica-policy-v1,72,72000,72000,78000,6000,23.000000,25.000000,false,1.000000,25.000000,1,1,1,1,1,none,false,oracle_desired_policy
stable-noisy-control-v1,anfa-empirical-replica-policy-v1,73,73000,73000,79000,6000,24.000000,24.000000,false,1.000000,24.000000,1,1,1,1,1,none,false,oracle_desired_policy
stable-noisy-control-v1,anfa-empirical-replica-policy-v1,74,74000,74000,80000,6000,25.000000,23.000000,false,1.000000,23.000000,1,1,1,1,1,none,false,oracle_desired_policy
stable-noisy-control-v1,anfa-empirical-replica-policy-v1,75,75000,75000,81000,6000,26.000000,24.000000,false,1.000000,24.000000,1,1,1,1,1,none,false,oracle_desired_policy
stable-noisy-control-v1,anfa-empirical-replica-policy-v1,76,76000,76000,82000,6000,27.000000,25.000000,false,1.000000,25.000000,1,1,1,1,1,none,false,oracle_desired_policy
stable-noisy-control-v1,anfa-empirical-replica-policy-v1,77,77000,77000,83000,6000,26.000000,26.000000,false,1.000000,26.000000,1,1,1,1,1,none,false,oracle_desired_policy
stable-noisy-control-v1,anfa-empirical-replica-policy-v1,78,78000,78000,84000,6000,25.000000,27.000000,false,1.000000,27.000000,1,1,1,1,1,none,false,oracle_desired_policy
stable-noisy-control-v1,anfa-empirical-replica-policy-v1,79,79000,79000,85000,6000,24.000000,26.000000,false,1.000000,26.000000,1,1,1,1,1,none,false,oracle_desired_policy
stable-noisy-control-v1,anfa-empirical-replica-policy-v1,80,80000,80000,86000,6000,23.000000,25.000000,false,1.000000,25.000000,1,1,1,1,1,none,false,oracle_desired_policy
stable-noisy-control-v1,anfa-empirical-replica-policy-v1,81,81000,81000,87000,6000,24.000000,24.000000,false,1.000000,24.000000,1,1,1,1,1,none,false,oracle_desired_policy
stable-noisy-control-v1,anfa-empirical-replica-policy-v1,82,82000,82000,88000,6000,25.000000,23.000000,false,1.000000,23.000000,1,1,1,1,1,none,false,oracle_desired_policy
stable-noisy-control-v1,anfa-empirical-replica-policy-v1,83,83000,83000,89000,6000,26.000000,24.000000,false,1.000000,24.000000,1,1,1,1,1,none,false,oracle_desired_policy
stable-noisy-control-v1,anfa-empirical-replica-policy-v1,84,84000,84000,90000,6000,27.000000,25.000000,false,1.000000,25.000000,1,1,1,1,1,none,false,oracle_desired_policy
stable-noisy-control-v1,anfa-empirical-replica-policy-v1,85,85000,85000,91000,6000,26.000000,26.000000,false,1.000000,26.000000,1,1,1,1,1,none,false,oracle_desired_policy
stable-noisy-control-v1,anfa-empirical-replica-policy-v1,86,86000,86000,92000,6000,25.000000,27.000000,false,1.000000,27.000000,1,1,1,1,1,none,false,oracle_desired_policy
stable-noisy-control-v1,anfa-empirical-replica-policy-v1,87,87000,87000,93000,6000,24.000000,26.000000,false,1.000000,26.000000,1,1,1,1,1,none,false,oracle_desired_policy
stable-noisy-control-v1,anfa-empirical-replica-policy-v1,88,88000,88000,94000,6000,23.000000,25.000000,false,1.000000,25.000000,1,1,1,1,1,none,false,oracle_desired_policy
stable-noisy-control-v1,anfa-empirical-replica-policy-v1,89,89000,89000,95000,6000,24.000000,24.000000,false,1.000000,24.000000,1,1,1,1,1,none,false,oracle_desired_policy
stable-noisy-control-v1,anfa-empirical-replica-policy-v1,90,90000,90000,96000,6000,25.000000,23.000000,false,1.000000,23.000000,1,1,1,1,1,none,false,oracle_desired_policy
stable-noisy-control-v1,anfa-empirical-replica-policy-v1,91,91000,91000,97000,6000,26.000000,24.000000,false,1.000000,24.000000,1,1,1,1,1,none,false,oracle_desired_policy
stable-noisy-control-v1,anfa-empirical-replica-policy-v1,92,92000,92000,98000,6000,27.000000,25.000000,false,1.000000,25.000000,1,1,1,1,1,none,false,oracle_desired_policy
stable-noisy-control-v1,anfa-empirical-replica-policy-v1,93,93000,93000,99000,6000,26.000000,26.000000,false,1.000000,26.000000,1,1,1,1,1,none,false,oracle_desired_policy
stable-noisy-control-v1,anfa-empirical-replica-policy-v1,94,94000,94000,100000,6000,25.000000,27.000000,false,1.000000,27.000000,1,1,1,1,1,none,false,oracle_desired_policy
stable-noisy-control-v1,anfa-empirical-replica-policy-v1,95,95000,95000,101000,6000,24.000000,26.000000,false,1.000000,26.000000,1,1,1,1,1,none,false,oracle_desired_policy
stable-noisy-control-v1,anfa-empirical-replica-policy-v1,96,96000,96000,102000,6000,23.000000,25.000000,false,1.000000,25.000000,1,1,1,1,1,none,false,oracle_desired_policy
stable-noisy-control-v1,anfa-empirical-replica-policy-v1,97,97000,97000,103000,6000,24.000000,24.000000,false,1.000000,24.000000,1,1,1,1,1,none,false,oracle_desired_policy
stable-noisy-control-v1,anfa-empirical-replica-policy-v1,98,98000,98000,104000,6000,25.000000,23.000000,false,1.000000,23.000000,1,1,1,1,1,none,false,oracle_desired_policy
stable-noisy-control-v1,anfa-empirical-replica-policy-v1,99,99000,99000,105000,6000,26.000000,24.000000,false,1.000000,24.000000,1,1,1,1,1,none,false,oracle_desired_policy
stable-noisy-control-v1,anfa-empirical-replica-policy-v1,100,100000,100000,106000,6000,27.000000,25.000000,false,1.000000,25.000000,1,1,1,1,1,none,false,oracle_desired_policy
stable-noisy-control-v1,anfa-empirical-replica-policy-v1,101,101000,101000,107000,6000,26.000000,26.000000,false,1.000000,26.000000,1,1,1,1,1,none,false,oracle_desired_policy
stable-noisy-control-v1,anfa-empirical-replica-policy-v1,102,102000,102000,108000,6000,25.000000,27.000000,false,1.000000,27.000000,1,1,1,1,1,none,false,oracle_desired_policy
stable-noisy-control-v1,anfa-empirical-replica-policy-v1,103,103000,103000,109000,6000,24.000000,26.000000,false,1.000000,26.000000,1,1,1,1,1,none,false,oracle_desired_policy
stable-noisy-control-v1,anfa-empirical-replica-policy-v1,104,104000,104000,110000,6000,23.000000,25.000000,false,1.000000,25.000000,1,1,1,1,1,none,false,oracle_desired_policy
stable-noisy-control-v1,anfa-empirical-replica-policy-v1,105,105000,105000,111000,6000,24.000000,24.000000,false,1.000000,24.000000,1,1,1,1,1,none,false,oracle_desired_policy
stable-noisy-control-v1,anfa-empirical-replica-policy-v1,106,106000,106000,112000,6000,25.000000,23.000000,false,1.000000,23.000000,1,1,1,1,1,none,false,oracle_desired_policy
stable-noisy-control-v1,anfa-empirical-replica-policy-v1,107,107000,107000,113000,6000,26.000000,24.000000,false,1.000000,24.000000,1,1,1,1,1,none,false,oracle_desired_policy
stable-noisy-control-v1,anfa-empirical-replica-policy-v1,108,108000,108000,114000,6000,27.000000,25.000000,false,1.000000,25.000000,1,1,1,1,1,none,false,oracle_desired_policy
stable-noisy-control-v1,anfa-empirical-replica-policy-v1,109,109000,109000,115000,6000,26.000000,26.000000,false,1.000000,26.000000,1,1,1,1,1,none,false,oracle_desired_policy
stable-noisy-control-v1,anfa-empirical-replica-policy-v1,110,110000,110000,116000,6000,25.000000,27.000000,false,1.000000,27.000000,1,1,1,1,1,none,false,oracle_desired_policy
stable-noisy-control-v1,anfa-empirical-replica-policy-v1,111,111000,111000,117000,6000,24.000000,26.000000,false,1.000000,26.000000,1,1,1,1,1,none,false,oracle_desired_policy
stable-noisy-control-v1,anfa-empirical-replica-policy-v1,112,112000,112000,118000,6000,23.000000,25.000000,false,1.000000,25.000000,1,1,1,1,1,none,false,oracle_desired_policy
stable-noisy-control-v1,anfa-empirical-replica-policy-v1,113,113000,113000,119000,6000,24.000000,24.000000,false,1.000000,24.000000,1,1,1,1,1,none,false,oracle_desired_policy
stable-noisy-control-v1,anfa-empirical-replica-policy-v1,114,114000,114000,120000,6000,25.000000,23.000000,false,1.000000,23.000000,1,1,1,1,1,none,false,oracle_desired_policy
stable-noisy-control-v1,anfa-empirical-replica-policy-v1,115,115000,115000,121000,6000,26.000000,24.000000,false,1.000000,24.000000,1,1,1,1,1,none,false,oracle_desired_policy
stable-noisy-control-v1,anfa-empirical-replica-policy-v1,116,116000,116000,122000,6000,27.000000,25.000000,false,1.000000,25.000000,1,1,1,1,1,none,false,oracle_desired_policy
stable-noisy-control-v1,anfa-empirical-replica-policy-v1,117,117000,117000,123000,6000,26.000000,26.000000,false,1.000000,26.000000,1,1,1,1,1,none,false,oracle_desired_policy
stable-noisy-control-v1,anfa-empirical-replica-policy-v1,118,118000,118000,124000,6000,25.000000,27.000000,false,1.000000,27.000000,1,1,1,1,1,none,false,oracle_desired_policy
stable-noisy-control-v1,anfa-empirical-replica-policy-v1,119,119000,119000,125000,6000,24.000000,26.000000,false,1.000000,26.000000,1,1,1,1,1,none,false,oracle_desired_policy
stable-noisy-control-v1,anfa-empirical-replica-policy-v1,120,120000,120000,126000,6000,23.000000,25.000000,false,1.000000,25.000000,1,1,1,1,1,none,false,oracle_desired_policy
stable-noisy-control-v1,anfa-empirical-replica-policy-v1,121,121000,121000,127000,6000,24.000000,24.000000,false,1.000000,24.000000,1,1,1,1,1,none,false,oracle_desired_policy
stable-noisy-control-v1,anfa-empirical-replica-policy-v1,122,122000,122000,128000,6000,25.000000,23.000000,false,1.000000,23.000000,1,1,1,1,1,none,false,oracle_desired_policy
stable-noisy-control-v1,anfa-empirical-replica-policy-v1,123,123000,123000,129000,6000,26.000000,24.000000,false,1.000000,24.000000,1,1,1,1,1,none,false,oracle_desired_policy
stable-noisy-control-v1,anfa-empirical-replica-policy-v1,124,124000,124000,130000,6000,27.000000,25.000000,false,1.000000,25.000000,1,1,1,1,1,none,false,oracle_desired_policy
stable-noisy-control-v1,anfa-empirical-replica-policy-v1,125,125000,125000,131000,6000,26.000000,26.000000,false,1.000000,26.000000,1,1,1,1,1,none,false,oracle_desired_policy
stable-noisy-control-v1,anfa-empirical-replica-policy-v1,126,126000,126000,132000,6000,25.000000,27.000000,false,1.000000,27.000000,1,1,1,1,1,none,false,oracle_desired_policy
stable-noisy-control-v1,anfa-empirical-replica-policy-v1,127,127000,127000,133000,6000,24.000000,26.000000,false,1.000000,26.000000,1,1,1,1,1,none,false,oracle_desired_policy
stable-noisy-control-v1,anfa-empirical-replica-policy-v1,128,128000,128000,134000,6000,23.000000,25.000000,false,1.000000,25.000000,1,1,1,1,1,none,false,oracle_desired_policy
stable-noisy-control-v1,anfa-empirical-replica-policy-v1,129,129000,129000,135000,6000,24.000000,24.000000,false,1.000000,24.000000,1,1,1,1,1,none,false,oracle_desired_policy
stable-noisy-control-v1,anfa-empirical-replica-policy-v1,130,130000,130000,136000,6000,25.000000,23.000000,false,1.000000,23.000000,1,1,1,1,1,none,false,oracle_desired_policy
stable-noisy-control-v1,anfa-empirical-replica-policy-v1,131,131000,131000,137000,6000,26.000000,24.000000,false,1.000000,24.000000,1,1,1,1,1,none,false,oracle_desired_policy
stable-noisy-control-v1,anfa-empirical-replica-policy-v1,132,132000,132000,138000,6000,27.000000,25.000000,false,1.000000,25.000000,1,1,1,1,1,none,false,oracle_desired_policy
stable-noisy-control-v1,anfa-empirical-replica-policy-v1,133,133000,133000,139000,6000,26.000000,26.000000,false,1.000000,26.000000,1,1,1,1,1,none,false,oracle_desired_policy
stable-noisy-control-v1,anfa-empirical-replica-policy-v1,134,134000,134000,140000,6000,25.000000,27.000000,false,1.000000,27.000000,1,1,1,1,1,none,false,oracle_desired_policy
stable-noisy-control-v1,anfa-empirical-replica-policy-v1,135,135000,135000,141000,6000,24.000000,26.000000,false,1.000000,26.000000,1,1,1,1,1,none,false,oracle_desired_policy
stable-noisy-control-v1,anfa-empirical-replica-policy-v1,136,136000,136000,142000,6000,23.000000,25.000000,false,1.000000,25.000000,1,1,1,1,1,none,false,oracle_desired_policy
stable-noisy-control-v1,anfa-empirical-replica-policy-v1,137,137000,137000,143000,6000,24.000000,24.000000,false,1.000000,24.000000,1,1,1,1,1,none,false,oracle_desired_policy
stable-noisy-control-v1,anfa-empirical-replica-policy-v1,138,138000,138000,144000,6000,25.000000,23.000000,false,1.000000,23.000000,1,1,1,1,1,none,false,oracle_desired_policy
stable-noisy-control-v1,anfa-empirical-replica-policy-v1,139,139000,139000,145000,6000,26.000000,24.000000,false,1.000000,24.000000,1,1,1,1,1,none,false,oracle_desired_policy
stable-noisy-control-v1,anfa-empirical-replica-policy-v1,140,140000,140000,146000,6000,27.000000,25.000000,false,1.000000,25.000000,1,1,1,1,1,none,false,oracle_desired_policy
stable-noisy-control-v1,anfa-empirical-replica-policy-v1,141,141000,141000,147000,6000,26.000000,26.000000,false,1.000000,26.000000,1,1,1,1,1,none,false,oracle_desired_policy
stable-noisy-control-v1,anfa-empirical-replica-policy-v1,142,142000,142000,148000,6000,25.000000,27.000000,false,1.000000,27.000000,1,1,1,1,1,none,false,oracle_desired_policy
stable-noisy-control-v1,anfa-empirical-replica-policy-v1,143,143000,143000,149000,6000,24.000000,26.000000,false,1.000000,26.000000,1,1,1,1,1,none,false,oracle_desired_policy
stable-noisy-control-v1,anfa-empirical-replica-policy-v1,144,144000,144000,150000,6000,23.000000,25.000000,false,1.000000,25.000000,1,1,1,1,1,none,false,oracle_desired_policy
stable-noisy-control-v1,anfa-empirical-replica-policy-v1,145,145000,145000,151000,6000,24.000000,24.000000,false,1.000000,24.000000,1,1,1,1,1,none,false,oracle_desired_policy
stable-noisy-control-v1,anfa-empirical-replica-policy-v1,146,146000,146000,152000,6000,25.000000,23.000000,false,1.000000,23.000000,1,1,1,1,1,none,false,oracle_desired_policy
stable-noisy-control-v1,anfa-empirical-replica-policy-v1,147,147000,147000,153000,6000,26.000000,24.000000,false,1.000000,24.000000,1,1,1,1,1,none,false,oracle_desired_policy
stable-noisy-control-v1,anfa-empirical-replica-policy-v1,148,148000,148000,154000,6000,27.000000,25.000000,false,1.000000,25.000000,1,1,1,1,1,none,false,oracle_desired_policy
stable-noisy-control-v1,anfa-empirical-replica-policy-v1,149,149000,149000,155000,6000,26.000000,26.000000,false,1.000000,26.000000,1,1,1,1,1,none,false,oracle_desired_policy
stable-noisy-control-v1,anfa-empirical-replica-policy-v1,150,150000,150000,156000,6000,25.000000,27.000000,false,1.000000,27.000000,1,1,1,1,1,none,false,oracle_desired_policy
stable-noisy-control-v1,anfa-empirical-replica-policy-v1,151,151000,151000,157000,6000,24.000000,26.000000,false,1.000000,26.000000,1,1,1,1,1,none,false,oracle_desired_policy
stable-noisy-control-v1,anfa-empirical-replica-policy-v1,152,152000,152000,158000,6000,23.000000,25.000000,false,1.000000,25.000000,1,1,1,1,1,none,false,oracle_desired_policy
stable-noisy-control-v1,anfa-empirical-replica-policy-v1,153,153000,153000,159000,6000,24.000000,24.000000,false,1.000000,24.000000,1,1,1,1,1,none,false,oracle_desired_policy
stable-noisy-control-v1,anfa-empirical-replica-policy-v1,154,154000,154000,160000,6000,25.000000,23.000000,false,1.000000,23.000000,1,1,1,1,1,none,false,oracle_desired_policy
stable-noisy-control-v1,anfa-empirical-replica-policy-v1,155,155000,155000,161000,6000,26.000000,24.000000,false,1.000000,24.000000,1,1,1,1,1,none,false,oracle_desired_policy
stable-noisy-control-v1,anfa-empirical-replica-policy-v1,156,156000,156000,162000,6000,27.000000,25.000000,false,1.000000,25.000000,1,1,1,1,1,none,false,oracle_desired_policy
stable-noisy-control-v1,anfa-empirical-replica-policy-v1,157,157000,157000,163000,6000,26.000000,26.000000,false,1.000000,26.000000,1,1,1,1,1,none,false,oracle_desired_policy
stable-noisy-control-v1,anfa-empirical-replica-policy-v1,158,158000,158000,164000,6000,25.000000,27.000000,false,1.000000,27.000000,1,1,1,1,1,none,false,oracle_desired_policy
stable-noisy-control-v1,anfa-empirical-replica-policy-v1,159,159000,159000,165000,6000,24.000000,26.000000,false,1.000000,26.000000,1,1,1,1,1,none,false,oracle_desired_policy
stable-noisy-control-v1,anfa-empirical-replica-policy-v1,160,160000,160000,166000,6000,23.000000,25.000000,false,1.000000,25.000000,1,1,1,1,1,none,false,oracle_desired_policy
stable-noisy-control-v1,anfa-empirical-replica-policy-v1,161,161000,161000,167000,6000,24.000000,24.000000,false,1.000000,24.000000,1,1,1,1,1,none,false,oracle_desired_policy
stable-noisy-control-v1,anfa-empirical-replica-policy-v1,162,162000,162000,168000,6000,25.000000,23.000000,false,1.000000,23.000000,1,1,1,1,1,none,false,oracle_desired_policy
stable-noisy-control-v1,anfa-empirical-replica-policy-v1,163,163000,163000,169000,6000,26.000000,24.000000,false,1.000000,24.000000,1,1,1,1,1,none,false,oracle_desired_policy
stable-noisy-control-v1,anfa-empirical-replica-policy-v1,164,164000,164000,170000,6000,27.000000,25.000000,false,1.000000,25.000000,1,1,1,1,1,none,false,oracle_desired_policy
stable-noisy-control-v1,anfa-empirical-replica-policy-v1,165,165000,165000,171000,6000,26.000000,26.000000,false,1.000000,26.000000,1,1,1,1,1,none,false,oracle_desired_policy
stable-noisy-control-v1,anfa-empirical-replica-policy-v1,166,166000,166000,172000,6000,25.000000,27.000000,false,1.000000,27.000000,1,1,1,1,1,none,false,oracle_desired_policy
stable-noisy-control-v1,anfa-empirical-replica-policy-v1,167,167000,167000,173000,6000,24.000000,26.000000,false,1.000000,26.000000,1,1,1,1,1,none,false,oracle_desired_policy
stable-noisy-control-v1,anfa-empirical-replica-policy-v1,168,168000,168000,174000,6000,23.000000,25.000000,false,1.000000,25.000000,1,1,1,1,1,none,false,oracle_desired_policy
stable-noisy-control-v1,anfa-empirical-replica-policy-v1,169,169000,169000,175000,6000,24.000000,24.000000,false,1.000000,24.000000,1,1,1,1,1,none,false,oracle_desired_policy
stable-noisy-control-v1,anfa-empirical-replica-policy-v1,170,170000,170000,176000,6000,25.000000,23.000000,false,1.000000,23.000000,1,1,1,1,1,none,false,oracle_desired_policy
stable-noisy-control-v1,anfa-empirical-replica-policy-v1,171,171000,171000,177000,6000,26.000000,24.000000,false,1.000000,24.000000,1,1,1,1,1,none,false,oracle_desired_policy
stable-noisy-control-v1,anfa-empirical-replica-policy-v1,172,172000,172000,178000,6000,27.000000,25.000000,false,1.000000,25.000000,1,1,1,1,1,none,false,oracle_desired_policy
stable-noisy-control-v1,anfa-empirical-replica-policy-v1,173,173000,173000,179000,6000,26.000000,26.000000,false,1.000000,26.000000,1,1,1,1,1,none,false,oracle_desired_policy
stable-noisy-control-v1,anfa-empirical-replica-policy-v1,174,174000,174000,180000,6000,25.000000,27.000000,false,1.000000,27.000000,1,1,1,1,1,none,false,oracle_desired_policy
stable-noisy-control-v1,anfa-empirical-replica-policy-v1,175,175000,175000,181000,6000,24.000000,26.000000,false,1.000000,26.000000,1,1,1,1,1,none,false,oracle_desired_policy
stable-noisy-control-v1,anfa-empirical-replica-policy-v1,176,176000,176000,182000,6000,23.000000,25.000000,false,1.000000,25.000000,1,1,1,1,1,none,false,oracle_desired_policy
stable-noisy-control-v1,anfa-empirical-replica-policy-v1,177,177000,177000,183000,6000,24.000000,24.000000,false,1.000000,24.000000,1,1,1,1,1,none,false,oracle_desired_policy
stable-noisy-control-v1,anfa-empirical-replica-policy-v1,178,178000,178000,184000,6000,25.000000,23.000000,false,1.000000,23.000000,1,1,1,1,1,none,false,oracle_desired_policy
stable-noisy-control-v1,anfa-empirical-replica-policy-v1,179,179000,179000,185000,6000,26.000000,24.000000,false,1.000000,24.000000,1,1,1,1,1,none,false,oracle_desired_policy
stable-noisy-control-v1,anfa-empirical-replica-policy-v1,180,180000,180000,186000,6000,27.000000,25.000000,false,1.000000,25.000000,1,1,1,1,1,none,false,oracle_desired_policy
stable-noisy-control-v1,anfa-empirical-replica-policy-v1,181,181000,181000,187000,6000,26.000000,26.000000,false,1.000000,26.000000,1,1,1,1,1,none,false,oracle_desired_policy
stable-noisy-control-v1,anfa-empirical-replica-policy-v1,182,182000,182000,188000,6000,25.000000,27.000000,false,1.000000,27.000000,1,1,1,1,1,none,false,oracle_desired_policy
stable-noisy-control-v1,anfa-empirical-replica-policy-v1,183,183000,183000,189000,6000,24.000000,26.000000,false,1.000000,26.000000,1,1,1,1,1,none,false,oracle_desired_policy
stable-noisy-control-v1,anfa-empirical-replica-policy-v1,184,184000,184000,190000,6000,23.000000,25.000000,false,1.000000,25.000000,1,1,1,1,1,none,false,oracle_desired_policy
stable-noisy-control-v1,anfa-empirical-replica-policy-v1,185,185000,185000,191000,6000,24.000000,24.000000,false,1.000000,24.000000,1,1,1,1,1,none,false,oracle_desired_policy
stable-noisy-control-v1,anfa-empirical-replica-policy-v1,186,186000,186000,192000,6000,25.000000,23.000000,false,1.000000,23.000000,1,1,1,1,1,none,false,oracle_desired_policy
stable-noisy-control-v1,anfa-empirical-replica-policy-v1,187,187000,187000,193000,6000,26.000000,24.000000,false,1.000000,24.000000,1,1,1,1,1,none,false,oracle_desired_policy
stable-noisy-control-v1,anfa-empirical-replica-policy-v1,188,188000,188000,194000,6000,27.000000,25.000000,false,1.000000,25.000000,1,1,1,1,1,none,false,oracle_desired_policy
stable-noisy-control-v1,anfa-empirical-replica-policy-v1,189,189000,189000,195000,6000,26.000000,26.000000,false,1.000000,26.000000,1,1,1,1,1,none,false,oracle_desired_policy
stable-noisy-control-v1,anfa-empirical-replica-policy-v1,190,190000,190000,196000,6000,25.000000,27.000000,false,1.000000,27.000000,1,1,1,1,1,none,false,oracle_desired_policy
stable-noisy-control-v1,anfa-empirical-replica-policy-v1,191,191000,191000,197000,6000,24.000000,26.000000,false,1.000000,26.000000,1,1,1,1,1,none,false,oracle_desired_policy
stable-noisy-control-v1,anfa-empirical-replica-policy-v1,192,192000,192000,198000,6000,23.000000,25.000000,false,1.000000,25.000000,1,1,1,1,1,none,false,oracle_desired_policy
stable-noisy-control-v1,anfa-empirical-replica-policy-v1,193,193000,193000,199000,6000,24.000000,24.000000,false,1.000000,24.000000,1,1,1,1,1,none,false,oracle_desired_policy
stable-noisy-control-v1,anfa-empirical-replica-policy-v1,194,194000,194000,200000,6000,25.000000,23.000000,false,1.000000,23.000000,1,1,1,1,1,none,false,oracle_desired_policy
stable-noisy-control-v1,anfa-empirical-replica-policy-v1,195,195000,195000,201000,6000,26.000000,24.000000,false,1.000000,24.000000,1,1,1,1,1,none,false,oracle_desired_policy
stable-noisy-control-v1,anfa-empirical-replica-policy-v1,196,196000,196000,202000,6000,27.000000,25.000000,false,1.000000,25.000000,1,1,1,1,1,none,false,oracle_desired_policy
stable-noisy-control-v1,anfa-empirical-replica-policy-v1,197,197000,197000,203000,6000,26.000000,26.000000,false,1.000000,26.000000,1,1,1,1,1,none,false,oracle_desired_policy
stable-noisy-control-v1,anfa-empirical-replica-policy-v1,198,198000,198000,204000,6000,25.000000,27.000000,false,1.000000,27.000000,1,1,1,1,1,none,false,oracle_desired_policy
stable-noisy-control-v1,anfa-empirical-replica-policy-v1,199,199000,199000,205000,6000,24.000000,26.000000,false,1.000000,26.000000,1,1,1,1,1,none,false,oracle_desired_policy
stable-noisy-control-v1,anfa-empirical-replica-policy-v1,200,200000,200000,206000,6000,23.000000,25.000000,false,1.000000,25.000000,1,1,1,1,1,none,false,oracle_desired_policy
stable-noisy-control-v1,anfa-empirical-replica-policy-v1,201,201000,201000,207000,6000,24.000000,24.000000,false,1.000000,24.000000,1,1,1,1,1,none,false,oracle_desired_policy
stable-noisy-control-v1,anfa-empirical-replica-policy-v1,202,202000,202000,208000,6000,25.000000,23.000000,false,1.000000,23.000000,1,1,1,1,1,none,false,oracle_desired_policy
stable-noisy-control-v1,anfa-empirical-replica-policy-v1,203,203000,203000,209000,6000,26.000000,24.000000,false,1.000000,24.000000,1,1,1,1,1,none,false,oracle_desired_policy
stable-noisy-control-v1,anfa-empirical-replica-policy-v1,204,204000,204000,210000,6000,27.000000,25.000000,false,1.000000,25.000000,1,1,1,1,1,none,false,oracle_desired_policy
stable-noisy-control-v1,anfa-empirical-replica-policy-v1,205,205000,205000,211000,6000,26.000000,26.000000,false,1.000000,26.000000,1,1,1,1,1,none,false,oracle_desired_policy
stable-noisy-control-v1,anfa-empirical-replica-policy-v1,206,206000,206000,212000,6000,25.000000,27.000000,false,1.000000,27.000000,1,1,1,1,1,none,false,oracle_desired_policy
stable-noisy-control-v1,anfa-empirical-replica-policy-v1,207,207000,207000,213000,6000,24.000000,26.000000,false,1.000000,26.000000,1,1,1,1,1,none,false,oracle_desired_policy
stable-noisy-control-v1,anfa-empirical-replica-policy-v1,208,208000,208000,214000,6000,23.000000,25.000000,false,1.000000,25.000000,1,1,1,1,1,none,false,oracle_desired_policy
stable-noisy-control-v1,anfa-empirical-replica-policy-v1,209,209000,209000,215000,6000,24.000000,24.000000,false,1.000000,24.000000,1,1,1,1,1,none,false,oracle_desired_policy
stable-noisy-control-v1,anfa-empirical-replica-policy-v1,210,210000,210000,216000,6000,25.000000,23.000000,false,1.000000,23.000000,1,1,1,1,1,none,false,oracle_desired_policy
stable-noisy-control-v1,anfa-empirical-replica-policy-v1,211,211000,211000,217000,6000,26.000000,24.000000,false,1.000000,24.000000,1,1,1,1,1,none,false,oracle_desired_policy
stable-noisy-control-v1,anfa-empirical-replica-policy-v1,212,212000,212000,218000,6000,27.000000,25.000000,false,1.000000,25.000000,1,1,1,1,1,none,false,oracle_desired_policy
stable-noisy-control-v1,anfa-empirical-replica-policy-v1,213,213000,213000,219000,6000,26.000000,26.000000,false,1.000000,26.000000,1,1,1,1,1,none,false,oracle_desired_policy
stable-noisy-control-v1,anfa-empirical-replica-policy-v1,214,214000,214000,220000,6000,25.000000,27.000000,false,1.000000,27.000000,1,1,1,1,1,none,false,oracle_desired_policy
stable-noisy-control-v1,anfa-empirical-replica-policy-v1,215,215000,215000,221000,6000,24.000000,26.000000,false,1.000000,26.000000,1,1,1,1,1,none,false,oracle_desired_policy
stable-noisy-control-v1,anfa-empirical-replica-policy-v1,216,216000,216000,222000,6000,23.000000,25.000000,false,1.000000,25.000000,1,1,1,1,1,none,false,oracle_desired_policy
stable-noisy-control-v1,anfa-empirical-replica-policy-v1,217,217000,217000,223000,6000,24.000000,24.000000,false,1.000000,24.000000,1,1,1,1,1,none,false,oracle_desired_policy
stable-noisy-control-v1,anfa-empirical-replica-policy-v1,218,218000,218000,224000,6000,25.000000,23.000000,false,1.000000,23.000000,1,1,1,1,1,none,false,oracle_desired_policy
stable-noisy-control-v1,anfa-empirical-replica-policy-v1,219,219000,219000,225000,6000,26.000000,24.000000,false,1.000000,24.000000,1,1,1,1,1,none,false,oracle_desired_policy
stable-noisy-control-v1,anfa-empirical-replica-policy-v1,220,220000,220000,226000,6000,27.000000,25.000000,false,1.000000,25.000000,1,1,1,1,1,none,false,oracle_desired_policy
stable-noisy-control-v1,anfa-empirical-replica-policy-v1,221,221000,221000,227000,6000,26.000000,26.000000,false,1.000000,26.000000,1,1,1,1,1,none,false,oracle_desired_policy
stable-noisy-control-v1,anfa-empirical-replica-policy-v1,222,222000,222000,228000,6000,25.000000,27.000000,false,1.000000,27.000000,1,1,1,1,1,none,false,oracle_desired_policy
stable-noisy-control-v1,anfa-empirical-replica-policy-v1,223,223000,223000,229000,6000,24.000000,26.000000,false,1.000000,26.000000,1,1,1,1,1,none,false,oracle_desired_policy
stable-noisy-control-v1,anfa-empirical-replica-policy-v1,224,224000,224000,230000,6000,23.000000,25.000000,false,1.000000,25.000000,1,1,1,1,1,none,false,oracle_desired_policy
stable-noisy-control-v1,anfa-empirical-replica-policy-v1,225,225000,225000,231000,6000,24.000000,24.000000,false,1.000000,24.000000,1,1,1,1,1,none,false,oracle_desired_policy
stable-noisy-control-v1,anfa-empirical-replica-policy-v1,226,226000,226000,232000,6000,25.000000,23.000000,false,1.000000,23.000000,1,1,1,1,1,none,false,oracle_desired_policy
stable-noisy-control-v1,anfa-empirical-replica-policy-v1,227,227000,227000,233000,6000,26.000000,24.000000,false,1.000000,24.000000,1,1,1,1,1,none,false,oracle_desired_policy
stable-noisy-control-v1,anfa-empirical-replica-policy-v1,228,228000,228000,234000,6000,27.000000,25.000000,false,1.000000,25.000000,1,1,1,1,1,none,false,oracle_desired_policy
stable-noisy-control-v1,anfa-empirical-replica-policy-v1,229,229000,229000,235000,6000,26.000000,26.000000,false,1.000000,26.000000,1,1,1,1,1,none,false,oracle_desired_policy
stable-noisy-control-v1,anfa-empirical-replica-policy-v1,230,230000,230000,236000,6000,25.000000,27.000000,false,1.000000,27.000000,1,1,1,1,1,none,false,oracle_desired_policy
stable-noisy-control-v1,anfa-empirical-replica-policy-v1,231,231000,231000,237000,6000,24.000000,26.000000,false,1.000000,26.000000,1,1,1,1,1,none,false,oracle_desired_policy
stable-noisy-control-v1,anfa-empirical-replica-policy-v1,232,232000,232000,238000,6000,23.000000,25.000000,false,1.000000,25.000000,1,1,1,1,1,none,false,oracle_desired_policy
stable-noisy-control-v1,anfa-empirical-replica-policy-v1,233,233000,233000,239000,6000,24.000000,24.000000,false,1.000000,24.000000,1,1,1,1,1,none,false,oracle_desired_policy
stable-noisy-control-v1,anfa-empirical-replica-policy-v1,234,234000,234000,240000,6000,25.000000,24.000000,true,1.000000,24.000000,1,1,1,1,1,none,false,oracle_desired_policy
stable-noisy-control-v1,anfa-empirical-replica-policy-v1,235,235000,235000,241000,6000,26.000000,24.000000,true,1.000000,24.000000,1,1,1,1,1,none,false,oracle_desired_policy
stable-noisy-control-v1,anfa-empirical-replica-policy-v1,236,236000,236000,242000,6000,27.000000,24.000000,true,1.000000,24.000000,1,1,1,1,1,none,false,oracle_desired_policy
stable-noisy-control-v1,anfa-empirical-replica-policy-v1,237,237000,237000,243000,6000,26.000000,24.000000,true,1.000000,24.000000,1,1,1,1,1,none,false,oracle_desired_policy
stable-noisy-control-v1,anfa-empirical-replica-policy-v1,238,238000,238000,244000,6000,25.000000,24.000000,true,1.000000,24.000000,1,1,1,1,1,none,false,oracle_desired_policy
stable-noisy-control-v1,anfa-empirical-replica-policy-v1,239,239000,239000,245000,6000,24.000000,24.000000,true,1.000000,24.000000,1,1,1,1,1,none,false,oracle_desired_policy
